Data;Último
26/01/2024;4,9168
25/01/2024;4,9165
24/01/2024;4,9335
23/01/2024;4,9535
22/01/2024;4,9892
19/01/2024;4,931
18/01/2024;4,9269
17/01/2024;4,9349
16/01/2024;4,9258
15/01/2024;4,8628
12/01/2024;4,8539
11/01/2024;4,87
10/01/2024;4,8909
09/01/2024;4,9038
08/01/2024;4,87
05/01/2024;4,8743
04/01/2024;4,8968
03/01/2024;4,9198
02/01/2024;4,9235
01/01/2024;4,8526
28/12/2023;4,8521
27/12/2023;4,8267
26/12/2023;4,814
22/12/2023;4,8585
21/12/2023;4,8844
20/12/2023;4,9163
19/12/2023;4,8675
18/12/2023;4,8967
15/12/2023;4,9371
14/12/2023;4,9155
13/12/2023;4,9197
12/12/2023;4,9631
11/12/2023;4,9386
08/12/2023;4,9317
07/12/2023;4,9115
06/12/2023;4,9022
05/12/2023;4,9306
04/12/2023;4,9432
01/12/2023;4,8801
30/11/2023;4,9205
29/11/2023;4,9029
28/11/2023;4,8705
27/11/2023;4,8964
24/11/2023;4,902
23/11/2023;4,9039
22/11/2023;4,9068
21/11/2023;4,9006
20/11/2023;4,8543
17/11/2023;4,9059
16/11/2023;4,8632
15/11/2023;4,862
14/11/2023;4,8654
13/11/2023;4,9075
10/11/2023;4,9013
09/11/2023;4,9342
08/11/2023;4,9103
07/11/2023;4,8724
06/11/2023;4,8853
03/11/2023;4,9012
01/11/2023;4,9534
31/10/2023;5,035
30/10/2023;5,0472
27/10/2023;5,0152
26/10/2023;4,9861
25/10/2023;4,9947
24/10/2023;4,9908
23/10/2023;5,0112
20/10/2023;5,0312
19/10/2023;5,0646
18/10/2023;5,0591
17/10/2023;5,0414
16/10/2023;5,0377
13/10/2023;5,0801
12/10/2023;5,046
11/10/2023;5,0483
10/10/2023;5,0516
09/10/2023;5,1355
06/10/2023;5,1457
05/10/2023;5,1658
04/10/2023;5,1562
03/10/2023;5,1669
02/10/2023;5,061
29/09/2023;5,032
28/09/2023;5,0331
27/09/2023;5,0425
26/09/2023;4,9898
25/09/2023;4,9678
22/09/2023;4,9351
21/09/2023;4,9351
20/09/2023;4,8801
19/09/2023;4,8673
18/09/2023;4,8556
15/09/2023;4,8663
14/09/2023;4,8668
13/09/2023;4,9153
12/09/2023;4,947
11/09/2023;4,9307
08/09/2023;4,9882
07/09/2023;4,9767
06/09/2023;4,9784
05/09/2023;4,9671
04/09/2023;4,9376
01/09/2023;4,9463
31/08/2023;4,9544
30/08/2023;4,889
29/08/2023;4,8523
28/08/2023;4,8731
25/08/2023;4,8711
24/08/2023;4,8802
23/08/2023;4,8572
22/08/2023;4,9386
21/08/2023;4,9793
18/08/2023;4,9694
17/08/2023;4,9758
16/08/2023;4,9879
15/08/2023;4,9845
14/08/2023;4,9615
11/08/2023;4,9048
10/08/2023;4,8924
09/08/2023;4,902
08/08/2023;4,8996
07/08/2023;4,8999
04/08/2023;4,8733
03/08/2023;4,917
02/08/2023;4,812
01/08/2023;4,7911
31/07/2023;4,7241
28/07/2023;4,7336
27/07/2023;4,7424
26/07/2023;4,7364
25/07/2023;4,7498
24/07/2023;4,7271
21/07/2023;4,7795
20/07/2023;4,798
19/07/2023;4,7909
18/07/2023;4,8105
17/07/2023;4,8066
14/07/2023;4,7894
13/07/2023;4,7971
12/07/2023;4,8184
11/07/2023;4,8538
10/07/2023;4,8978
07/07/2023;4,872
06/07/2023;4,9193
05/07/2023;4,8478
04/07/2023;4,8408
03/07/2023;4,8077
30/06/2023;4,786
29/06/2023;4,8553
28/06/2023;4,8506
27/06/2023;4,8103
26/06/2023;4,7675
23/06/2023;4,7864
22/06/2023;4,7689
21/06/2023;4,763
20/06/2023;4,7902
19/06/2023;4,7772
16/06/2023;4,8199
15/06/2023;4,8102
14/06/2023;4,8146
13/06/2023;4,8622
12/06/2023;4,8613
09/06/2023;4,8791
07/06/2023;4,9235
06/06/2023;4,9125
05/06/2023;4,9289
02/06/2023;4,9571
01/06/2023;5,014
31/05/2023;5,0574
30/05/2023;5,0357
29/05/2023;5,0171
26/05/2023;4,9939
25/05/2023;5,0356
24/05/2023;4,9619
23/05/2023;4,9714
22/05/2023;4,9667
19/05/2023;4,9981
18/05/2023;4,9652
17/05/2023;4,9396
16/05/2023;4,9402
15/05/2023;4,8904
12/05/2023;4,9195
11/05/2023;4,9295
10/05/2023;4,9424
09/05/2023;4,9862
08/05/2023;5,0097
05/05/2023;4,9518
04/05/2023;4,9822
03/05/2023;4,9949
02/05/2023;5,0387
01/05/2023;4,9889
28/04/2023;4,9865
27/04/2023;4,9771
26/04/2023;5,0435
25/04/2023;5,0497
24/04/2023;5,0337
21/04/2023;5,0486
20/04/2023;5,0486
19/04/2023;5,0753
18/04/2023;4,984
17/04/2023;4,9413
14/04/2023;4,9096
13/04/2023;4,9272
12/04/2023;4,9181
11/04/2023;5,0054
10/04/2023;5,0655
07/04/2023;5,0549
06/04/2023;5,057
05/04/2023;5,034
04/04/2023;5,0716
03/04/2023;5,0632
31/03/2023;5,0631
30/03/2023;5,0938
29/03/2023;5,1356
28/03/2023;5,1655
27/03/2023;5,1983
24/03/2023;5,2463
23/03/2023;5,2973
22/03/2023;5,2369
21/03/2023;5,243
20/03/2023;5,2368
17/03/2023;5,2778
16/03/2023;5,2285
15/03/2023;5,2882
14/03/2023;5,2543
13/03/2023;5,2459
10/03/2023;5,2166
09/03/2023;5,1645
08/03/2023;5,1453
07/03/2023;5,191
06/03/2023;5,1534
03/03/2023;5,1956
02/03/2023;5,2006
01/03/2023;5,1794
28/02/2023;5,2367
27/02/2023;5,2008
24/02/2023;5,21
23/02/2023;5,1373
22/02/2023;5,1522
21/02/2023;5,1675
20/02/2023;5,1674
17/02/2023;5,1674
16/02/2023;5,2178
15/02/2023;5,219
14/02/2023;5,1923
13/02/2023;5,1596
10/02/2023;5,2151
09/02/2023;5,2911
08/02/2023;5,2007
07/02/2023;5,2101
06/02/2023;5,1464
03/02/2023;5,1522
02/02/2023;5,0504
01/02/2023;5,0547
31/01/2023;5,0731
30/01/2023;5,1162
27/01/2023;5,1089
26/01/2023;5,0658
25/01/2023;5,0734
24/01/2023;5,1392
23/01/2023;5,2076
20/01/2023;5,2074
19/01/2023;5,1741
18/01/2023;5,1863
17/01/2023;5,1003
16/01/2023;5,1474
13/01/2023;5,0956
12/01/2023;5,1082
11/01/2023;5,16
10/01/2023;5,1997
09/01/2023;5,2546
06/01/2023;5,2254
05/01/2023;5,3509
04/01/2023;5,4312
03/01/2023;5,4797
02/01/2023;5,3633
29/12/2022;5,286
28/12/2022;5,2676
27/12/2022;5,2928
26/12/2022;5,2186
23/12/2022;5,1652
22/12/2022;5,1665
21/12/2022;5,2009
20/12/2022;5,1996
19/12/2022;5,293
16/12/2022;5,314
15/12/2022;5,313
14/12/2022;5,2787
13/12/2022;5,2938
12/12/2022;5,3226
09/12/2022;5,24
08/12/2022;5,2253
07/12/2022;5,2048
06/12/2022;5,2352
05/12/2022;5,2809
02/12/2022;5,2189
01/12/2022;5,1848
30/11/2022;5,1851
29/11/2022;5,2695
28/11/2022;5,3654
25/11/2022;5,4098
24/11/2022;5,3208
23/11/2022;5,3591
22/11/2022;5,3586
21/11/2022;5,32
18/11/2022;5,3827
17/11/2022;5,4231
16/11/2022;5,3998
15/11/2022;5,3325
14/11/2022;5,3321
11/11/2022;5,325
10/11/2022;5,3449
09/11/2022;5,1864
08/11/2022;5,144
07/11/2022;5,1567
04/11/2022;5,0557
03/11/2022;5,1137
02/11/2022;5,1432
01/11/2022;5,1475
31/10/2022;5,1791
28/10/2022;5,2949
27/10/2022;5,3449
26/10/2022;5,3804
25/10/2022;5,3167
24/10/2022;5,3032
21/10/2022;5,1605
20/10/2022;5,2147
19/10/2022;5,27
18/10/2022;5,2405
17/10/2022;5,2808
14/10/2022;5,3252
13/10/2022;5,2626
12/10/2022;5,293
11/10/2022;5,3005
10/10/2022;5,1901
07/10/2022;5,1996
06/10/2022;5,2217
05/10/2022;5,194
04/10/2022;5,177
03/10/2022;5,1672
30/09/2022;5,4154
29/09/2022;5,3964
28/09/2022;5,3745
27/09/2022;5,3824
26/09/2022;5,3898
23/09/2022;5,2595
22/09/2022;5,1166
21/09/2022;5,1716
20/09/2022;5,1417
19/09/2022;5,167
16/09/2022;5,2531
15/09/2022;5,247
14/09/2022;5,1631
13/09/2022;5,1911
12/09/2022;5,093
09/09/2022;5,1462
08/09/2022;5,2141
07/09/2022;5,248
06/09/2022;5,2528
05/09/2022;5,1516
02/09/2022;5,1681
01/09/2022;5,2416
31/08/2022;5,1831
30/08/2022;5,1223
29/08/2022;5,0282
26/08/2022;5,0601
25/08/2022;5,1099
24/08/2022;5,1114
23/08/2022;5,1037
22/08/2022;5,1574
19/08/2022;5,1697
18/08/2022;5,1674
17/08/2022;5,1642
16/08/2022;5,1459
15/08/2022;5,0961
12/08/2022;5,0735
11/08/2022;5,1581
10/08/2022;5,0927
09/08/2022;5,1237
08/08/2022;5,1117
05/08/2022;5,1646
04/08/2022;5,2164
03/08/2022;5,2815
02/08/2022;5,2784
01/08/2022;5,1838
29/07/2022;5,1734
28/07/2022;5,1823
27/07/2022;5,2432
26/07/2022;5,3511
25/07/2022;5,3576
22/07/2022;5,4968
21/07/2022;5,4968
20/07/2022;5,4714
19/07/2022;5,4135
18/07/2022;5,4375
15/07/2022;5,4082
14/07/2022;5,4233
13/07/2022;5,3917
12/07/2022;5,4368
11/07/2022;5,3782
08/07/2022;5,2536
07/07/2022;5,3391
06/07/2022;5,4287
05/07/2022;5,3861
04/07/2022;5,3293
01/07/2022;5,331
30/06/2022;5,2562
29/06/2022;5,1818
28/06/2022;5,2675
27/06/2022;5,2366
24/06/2022;5,2417
23/06/2022;5,2406
22/06/2022;5,194
21/06/2022;5,1257
20/06/2022;5,188
17/06/2022;5,1518
16/06/2022;5,0535
15/06/2022;5,0536
14/06/2022;5,1168
13/06/2022;5,1154
10/06/2022;4,9865
09/06/2022;4,9063
08/06/2022;4,8988
07/06/2022;4,8696
06/06/2022;4,7945
03/06/2022;4,7734
02/06/2022;4,7962
01/06/2022;4,8151
31/05/2022;4,7315
30/05/2022;4,7526
27/05/2022;4,7295
26/05/2022;4,7677
25/05/2022;4,8275
24/05/2022;4,8191
23/05/2022;4,813
20/05/2022;4,8788
19/05/2022;4,9309
18/05/2022;4,9682
17/05/2022;4,9387
16/05/2022;5,0599
13/05/2022;5,0602
12/05/2022;5,1339
11/05/2022;5,1373
10/05/2022;5,1313
09/05/2022;5,1617
06/05/2022;5,0774
05/05/2022;5,028
04/05/2022;4,9198
03/05/2022;4,9584
02/05/2022;5,0848
29/04/2022;4,9721
28/04/2022;4,9425
27/04/2022;4,9651
26/04/2022;4,9989
25/04/2022;4,8766
22/04/2022;4,7937
21/04/2022;4,622
20/04/2022;4,6219
19/04/2022;4,6675
18/04/2022;4,6527
15/04/2022;4,6965
14/04/2022;4,7013
13/04/2022;4,6899
12/04/2022;4,6735
11/04/2022;4,6944
08/04/2022;4,697
07/04/2022;4,7524
06/04/2022;4,7161
05/04/2022;4,6506
04/04/2022;4,5928
01/04/2022;4,6575
31/03/2022;4,739
30/03/2022;4,7685
29/03/2022;4,7561
28/03/2022;4,7675
25/03/2022;4,742
24/03/2022;4,8253
23/03/2022;4,8258
22/03/2022;4,9094
21/03/2022;4,9354
18/03/2022;5,0231
17/03/2022;5,039
16/03/2022;5,0757
15/03/2022;5,1631
14/03/2022;5,1193
11/03/2022;5,0745
10/03/2022;5,011
09/03/2022;5,0123
08/03/2022;5,0599
07/03/2022;5,1115
04/03/2022;5,062
03/03/2022;5,032
02/03/2022;5,0995
01/03/2022;5,1595
28/02/2022;5,1599
25/02/2022;5,1623
24/02/2022;5,1231
23/02/2022;5,0097
22/02/2022;5,0583
21/02/2022;5,1036
18/02/2022;5,1385
17/02/2022;5,1718
16/02/2022;5,1365
15/02/2022;5,159
14/02/2022;5,2149
11/02/2022;5,2527
10/02/2022;5,2496
09/02/2022;5,2354
08/02/2022;5,2593
07/02/2022;5,2636
04/02/2022;5,3279
03/02/2022;5,2839
02/02/2022;5,262
01/02/2022;5,2655
31/01/2022;5,3041
28/01/2022;5,3674
27/01/2022;5,4065
26/01/2022;5,4324
25/01/2022;5,4437
24/01/2022;5,4877
21/01/2022;5,4582
20/01/2022;5,4191
19/01/2022;5,4383
18/01/2022;5,5666
17/01/2022;5,5165
14/01/2022;5,5344
13/01/2022;5,5286
12/01/2022;5,5338
11/01/2022;5,5686
10/01/2022;5,6633
07/01/2022;5,6355
06/01/2022;5,6834
05/01/2022;5,7087
04/01/2022;5,677
03/01/2022;5,6818
31/12/2021;5,5703
30/12/2021;5,571
29/12/2021;5,7032
28/12/2021;5,6283
27/12/2021;5,6249
24/12/2021;5,675
23/12/2021;5,6749
22/12/2021;5,654
21/12/2021;5,7451
20/12/2021;5,742
17/12/2021;5,6959
16/12/2021;5,6884
15/12/2021;5,6806
14/12/2021;5,6815
13/12/2021;5,6804
10/12/2021;5,6127
09/12/2021;5,5727
08/12/2021;5,5327
07/12/2021;5,6128
06/12/2021;5,6891
03/12/2021;5,6532
02/12/2021;5,6462
01/12/2021;5,6955
30/11/2021;5,6239
29/11/2021;5,6017
26/11/2021;5,6093
25/11/2021;5,5664
24/11/2021;5,6061
23/11/2021;5,5712
22/11/2021;5,5865
19/11/2021;5,6135
18/11/2021;5,5576
17/11/2021;5,5292
16/11/2021;5,5028
15/11/2021;5,4575
12/11/2021;5,4588
11/11/2021;5,3989
10/11/2021;5,491
09/11/2021;5,4804
08/11/2021;5,544
05/11/2021;5,5428
04/11/2021;5,602
03/11/2021;5,5525
02/11/2021;5,6795
01/11/2021;5,6815
29/10/2021;5,6372
28/10/2021;5,6464
27/10/2021;5,538
26/10/2021;5,5666
25/10/2021;5,5563
22/10/2021;5,6474
21/10/2021;5,6577
20/10/2021;5,5975
19/10/2021;5,5844
18/10/2021;5,5117
15/10/2021;5,4611
14/10/2021;5,5132
13/10/2021;5,5133
12/10/2021;5,5325
11/10/2021;5,5367
08/10/2021;5,5082
07/10/2021;5,5188
06/10/2021;5,4912
05/10/2021;5,4748
04/10/2021;5,4535
01/10/2021;5,3628
30/09/2021;5,4428
29/09/2021;5,4152
28/09/2021;5,4293
27/09/2021;5,3914
24/09/2021;5,3344
23/09/2021;5,303
22/09/2021;5,2888
21/09/2021;5,2699
20/09/2021;5,324
17/09/2021;5,2883
16/09/2021;5,2535
15/09/2021;5,2219
14/09/2021;5,2398
13/09/2021;5,2144
10/09/2021;5,2454
09/09/2021;5,1976
08/09/2021;5,3214
07/09/2021;5,1692
06/09/2021;5,1693
03/09/2021;5,1908
02/09/2021;5,1819
01/09/2021;5,1858
31/08/2021;5,1492
30/08/2021;5,184
27/08/2021;5,1996
26/08/2021;5,2522
25/08/2021;5,2117
24/08/2021;5,2463
23/08/2021;5,3802
20/08/2021;5,377
19/08/2021;5,4142
18/08/2021;5,3794
17/08/2021;5,2948
16/08/2021;5,2595
13/08/2021;5,2466
12/08/2021;5,2524
11/08/2021;5,2185
10/08/2021;5,1895
09/08/2021;5,2331
06/08/2021;5,2301
05/08/2021;5,2488
04/08/2021;5,1685
03/08/2021;5,1967
02/08/2021;5,1747
30/07/2021;5,2123
29/07/2021;5,0812
28/07/2021;5,1157
27/07/2021;5,169
26/07/2021;5,1761
23/07/2021;5,2006
22/07/2021;5,2003
21/07/2021;5,1874
20/07/2021;5,2205
19/07/2021;5,2519
16/07/2021;5,1147
15/07/2021;5,11
14/07/2021;5,0706
13/07/2021;5,1622
12/07/2021;5,173
09/07/2021;5,2597
08/07/2021;5,2579
07/07/2021;5,2315
06/07/2021;5,1969
05/07/2021;5,091
02/07/2021;5,0575
01/07/2021;5,0476
30/06/2021;4,9686
29/06/2021;4,9559
28/06/2021;4,9244
25/06/2021;4,9335
24/06/2021;4,9137
23/06/2021;4,9667
22/06/2021;4,9574
21/06/2021;5,013
18/06/2021;5,0894
17/06/2021;5,0059
16/06/2021;5,0545
15/06/2021;5,0437
14/06/2021;5,0601
11/06/2021;5,1171
10/06/2021;5,0552
09/06/2021;5,0621
08/06/2021;5,0325
07/06/2021;5,0451
04/06/2021;5,0495
03/06/2021;5,0775
02/06/2021;5,0754
01/06/2021;5,1509
31/05/2021;5,2172
28/05/2021;5,2244
27/05/2021;5,2383
26/05/2021;5,3115
25/05/2021;5,3312
24/05/2021;5,3175
21/05/2021;5,3617
20/05/2021;5,2825
19/05/2021;5,3094
18/05/2021;5,2605
17/05/2021;5,2729
14/05/2021;5,2728
13/05/2021;5,309
12/05/2021;5,3061
11/05/2021;5,2208
10/05/2021;5,2272
07/05/2021;5,2368
06/05/2021;5,276
05/05/2021;5,3542
04/05/2021;5,4435
03/05/2021;5,442
30/04/2021;5,4366
29/04/2021;5,3375
28/04/2021;5,343
27/04/2021;5,449
26/04/2021;5,4364
23/04/2021;5,4751
22/04/2021;5,4448
21/04/2021;5,569
20/04/2021;5,5687
19/04/2021;5,5461
16/04/2021;5,5883
15/04/2021;5,6162
14/04/2021;5,6526
13/04/2021;5,7166
12/04/2021;5,7333
09/04/2021;5,6821
08/04/2021;5,572
07/04/2021;5,6143
06/04/2021;5,5904
05/04/2021;5,6632
02/04/2021;5,7075
01/04/2021;5,7071
31/03/2021;5,6315
30/03/2021;5,7745
29/03/2021;5,7799
26/03/2021;5,7566
25/03/2021;5,6475
24/03/2021;5,6209
23/03/2021;5,5214
22/03/2021;5,5045
19/03/2021;5,4917
18/03/2021;5,5604
17/03/2021;5,5832
16/03/2021;5,6246
15/03/2021;5,6156
12/03/2021;5,5518
11/03/2021;5,5357
10/03/2021;5,672
09/03/2021;5,8025
08/03/2021;5,8755
05/03/2021;5,6908
04/03/2021;5,6693
03/03/2021;5,6193
02/03/2021;5,6761
01/03/2021;5,6418
26/02/2021;5,5986
25/02/2021;5,5308
24/02/2021;5,4062
23/02/2021;5,4409
22/02/2021;5,4659
19/02/2021;5,3823
18/02/2021;5,427
17/02/2021;5,4105
16/02/2021;5,3695
15/02/2021;5,3701
12/02/2021;5,3698
11/02/2021;5,3665
10/02/2021;5,386
09/02/2021;5,3781
08/02/2021;5,3657
05/02/2021;5,3704
04/02/2021;5,4266
03/02/2021;5,3534
02/02/2021;5,368
01/02/2021;5,4322
29/01/2021;5,4625
28/01/2021;5,441
27/01/2021;5,4138
26/01/2021;5,3552
25/01/2021;5,4665
22/01/2021;5,4666
21/01/2021;5,3506
20/01/2021;5,2917
19/01/2021;5,3578
18/01/2021;5,2957
15/01/2021;5,2927
14/01/2021;5,1967
13/01/2021;5,299
12/01/2021;5,3226
11/01/2021;5,489
08/01/2021;5,4178
07/01/2021;5,4101
06/01/2021;5,3139
05/01/2021;5,2854
04/01/2021;5,2968
01/01/2021;5,194
31/12/2020;5,194
30/12/2020;5,1937
29/12/2020;5,2099
28/12/2020;5,2461
25/12/2020;5,2167
24/12/2020;5,2165
23/12/2020;5,2164
22/12/2020;5,1597
21/12/2020;5,1222
18/12/2020;5,1022
17/12/2020;5,0582
16/12/2020;5,0838
15/12/2020;5,0842
14/12/2020;5,1189
11/12/2020;5,0656
10/12/2020;5,0256
09/12/2020;5,1708
08/12/2020;5,1202
07/12/2020;5,099
04/12/2020;5,1557
03/12/2020;5,1515
02/12/2020;5,2175
01/12/2020;5,2061
30/11/2020;5,3319
27/11/2020;5,3438
26/11/2020;5,3365
25/11/2020;5,3237
24/11/2020;5,3736
23/11/2020;5,439
20/11/2020;5,3797
19/11/2020;5,3054
18/11/2020;5,3629
17/11/2020;5,3281
16/11/2020;5,4152
13/11/2020;5,4582
12/11/2020;5,4581
11/11/2020;5,391
10/11/2020;5,4147
09/11/2020;5,3858
06/11/2020;5,3647
05/11/2020;5,525
04/11/2020;5,6635
03/11/2020;5,756
02/11/2020;5,7425
30/10/2020;5,7446
29/10/2020;5,779
28/10/2020;5,7457
27/10/2020;5,7055
26/10/2020;5,6229
23/10/2020;5,6175
22/10/2020;5,5893
21/10/2020;5,6066
20/10/2020;5,6054
19/10/2020;5,6069
16/10/2020;5,6428
15/10/2020;5,6126
14/10/2020;5,5912
13/10/2020;5,5693
12/10/2020;5,5316
09/10/2020;5,5318
08/10/2020;5,5987
07/10/2020;5,6097
06/10/2020;5,593
05/10/2020;5,5743
02/10/2020;5,6851
01/10/2020;5,6437
30/09/2020;5,6112
29/09/2020;5,6344
28/09/2020;5,6627
25/09/2020;5,5624
24/09/2020;5,5089
23/09/2020;5,5943
22/09/2020;5,4704
21/09/2020;5,4131
18/09/2020;5,3876
17/09/2020;5,2394
16/09/2020;5,2377
15/09/2020;5,2748
14/09/2020;5,2706
11/09/2020;5,3189
10/09/2020;5,321
09/09/2020;5,3078
08/09/2020;5,3638
07/09/2020;5,2997
04/09/2020;5,3012
03/09/2020;5,2914
02/09/2020;5,3403
01/09/2020;5,396
31/08/2020;5,4914
28/08/2020;5,3881
27/08/2020;5,5691
26/08/2020;5,6054
25/08/2020;5,5075
24/08/2020;5,61
21/08/2020;5,6192
20/08/2020;5,5568
19/08/2020;5,5575
18/08/2020;5,4666
17/08/2020;5,509
14/08/2020;5,4204
13/08/2020;5,369
12/08/2020;5,4333
11/08/2020;5,38
10/08/2020;5,4812
07/08/2020;5,4383
06/08/2020;5,3315
05/08/2020;5,2902
04/08/2020;5,29
03/08/2020;5,3213
31/07/2020;5,224
30/07/2020;5,1534
29/07/2020;5,1692
28/07/2020;5,1533
27/07/2020;5,1447
24/07/2020;5,2329
23/07/2020;5,2112
22/07/2020;5,1166
21/07/2020;5,1713
20/07/2020;5,3283
17/07/2020;5,3849
16/07/2020;5,3311
15/07/2020;5,3698
14/07/2020;5,3674
13/07/2020;5,404
10/07/2020;5,3238
09/07/2020;5,3413
08/07/2020;5,3422
07/07/2020;5,379
06/07/2020;5,3562
03/07/2020;5,3158
02/07/2020;5,3596
01/07/2020;5,3174
30/06/2020;5,4661
29/06/2020;5,4034
26/06/2020;5,484
25/06/2020;5,3561
24/06/2020;5,3467
23/06/2020;5,1542
22/06/2020;5,2524
19/06/2020;5,3105
18/06/2020;5,3776
17/06/2020;5,2286
16/06/2020;5,243
15/06/2020;5,1557
12/06/2020;5,0505
11/06/2020;4,976
10/06/2020;4,9732
09/06/2020;4,8992
08/06/2020;4,823
05/06/2020;4,9585
04/06/2020;5,119
03/06/2020;5,0622
02/06/2020;5,2014
01/06/2020;5,3633
29/05/2020;5,3361
28/05/2020;5,4045
27/05/2020;5,2733
26/05/2020;5,345
25/05/2020;5,4461
22/05/2020;5,5338
21/05/2020;5,5507
20/05/2020;5,6925
19/05/2020;5,754
18/05/2020;5,719
15/05/2020;5,8554
14/05/2020;5,8115
13/05/2020;5,8852
12/05/2020;5,8856
11/05/2020;5,818
08/05/2020;5,7319
07/05/2020;5,8307
06/05/2020;5,714
05/05/2020;5,5783
04/05/2020;5,545
01/05/2020;5,4856
30/04/2020;5,4858
29/04/2020;5,3348
28/04/2020;5,4999
27/04/2020;5,6526
24/04/2020;5,5907
23/04/2020;5,5335
22/04/2020;5,458
21/04/2020;5,3163
20/04/2020;5,3168
17/04/2020;5,2363
16/04/2020;5,2333
15/04/2020;5,2367
14/04/2020;5,1621
13/04/2020;5,1994
10/04/2020;5,1063
09/04/2020;5,107
08/04/2020;5,1233
07/04/2020;5,2214
06/04/2020;5,2863
03/04/2020;5,3506
02/04/2020;5,2533
01/04/2020;5,2493
31/03/2020;5,2046
30/03/2020;5,1936
27/03/2020;5,0997
26/03/2020;5,0219
25/03/2020;5,0366
24/03/2020;5,0995
23/03/2020;5,1447
20/03/2020;5,064
19/03/2020;5,096
18/03/2020;5,1075
17/03/2020;5,01
16/03/2020;5,0005
13/03/2020;4,8596
12/03/2020;4,7916
11/03/2020;4,8152
10/03/2020;4,6439
09/03/2020;4,7246
06/03/2020;4,6272
05/03/2020;4,6076
04/03/2020;4,585
03/03/2020;4,5148
02/03/2020;4,4744
28/02/2020;4,4735
27/02/2020;4,4863
26/02/2020;4,4505
25/02/2020;4,3883
24/02/2020;4,3883
21/02/2020;4,3897
20/02/2020;4,3935
19/02/2020;4,3653
18/02/2020;4,3559
17/02/2020;4,3272
14/02/2020;4,2976
13/02/2020;4,3502
12/02/2020;4,3552
11/02/2020;4,3318
10/02/2020;4,3251
07/02/2020;4,3206
06/02/2020;4,2825
05/02/2020;4,2357
04/02/2020;4,2547
03/02/2020;4,248
31/01/2020;4,2824
30/01/2020;4,2432
29/01/2020;4,2306
28/01/2020;4,1945
27/01/2020;4,2077
24/01/2020;4,1816
23/01/2020;4,1707
22/01/2020;4,1829
21/01/2020;4,2126
20/01/2020;4,1902
17/01/2020;4,162
16/01/2020;4,1851
15/01/2020;4,1756
14/01/2020;4,133
13/01/2020;4,1469
10/01/2020;4,0962
09/01/2020;4,0928
08/01/2020;4,0649
07/01/2020;4,0679
06/01/2020;4,0618
03/01/2020;4,0672
02/01/2020;4,0263
01/01/2020;4,0195
31/12/2019;4,0195
30/12/2019;4,0195
27/12/2019;4,0459
26/12/2019;4,056
25/12/2019;4,0838
24/12/2019;4,0838
23/12/2019;4,0836
20/12/2019;4,1025
19/12/2019;4,0697
18/12/2019;4,0634
17/12/2019;4,0718
16/12/2019;4,0632
13/12/2019;4,1082
12/12/2019;4,0908
11/12/2019;4,1242
10/12/2019;4,147
09/12/2019;4,1425
06/12/2019;4,1414
05/12/2019;4,186
04/12/2019;4,208
03/12/2019;4,2066
02/12/2019;4,2234
29/11/2019;4,2367
28/11/2019;4,1903
27/11/2019;4,2638
26/11/2019;4,2332
25/11/2019;4,2269
22/11/2019;4,1966
21/11/2019;4,1932
20/11/2019;4,1965
19/11/2019;4,1945
18/11/2019;4,218
15/11/2019;4,1962
14/11/2019;4,1951
13/11/2019;4,1705
12/11/2019;4,1677
11/11/2019;4,1518
08/11/2019;4,1635
07/11/2019;4,1007
06/11/2019;4,0837
05/11/2019;3,9938
04/11/2019;4,0156
01/11/2019;3,9904
31/10/2019;4,0184
30/10/2019;3,9909
29/10/2019;3,9986
28/10/2019;3,991
25/10/2019;4,0038
24/10/2019;4,0414
23/10/2019;4,0345
22/10/2019;4,0819
21/10/2019;4,1294
18/10/2019;4,1118
17/10/2019;4,1643
16/10/2019;4,1518
15/10/2019;4,1807
14/10/2019;4,1265
11/10/2019;4,1097
10/10/2019;4,1095
09/10/2019;4,1104
08/10/2019;4,0954
07/10/2019;4,1071
04/10/2019;4,0556
03/10/2019;4,084
02/10/2019;4,1293
01/10/2019;4,1591
30/09/2019;4,1556
27/09/2019;4,1602
26/09/2019;4,1711
25/09/2019;4,1491
24/09/2019;4,165
23/09/2019;4,1638
20/09/2019;4,148
19/09/2019;4,1678
18/09/2019;4,1112
17/09/2019;4,0777
16/09/2019;4,081
13/09/2019;4,0849
12/09/2019;4,0608
11/09/2019;4,068
10/09/2019;4,0808
09/09/2019;4,0953
06/09/2019;4,0618
05/09/2019;4,1095
04/09/2019;4,0951
03/09/2019;4,1681
02/09/2019;4,1871
30/08/2019;4,1454
29/08/2019;4,1687
28/08/2019;4,1682
27/08/2019;4,1311
26/08/2019;4,1571
23/08/2019;4,1198
22/08/2019;4,0707
21/08/2019;4,0269
20/08/2019;4,0542
19/08/2019;4,0743
16/08/2019;4,0058
15/08/2019;3,991
14/08/2019;4,0526
13/08/2019;3,966
12/08/2019;3,9855
09/08/2019;3,9416
08/08/2019;3,9199
07/08/2019;3,9691
06/08/2019;3,9612
05/08/2019;3,9783
02/08/2019;3,8893
01/08/2019;3,8403
31/07/2019;3,8129
30/07/2019;3,7906
29/07/2019;3,7816
26/07/2019;3,7762
25/07/2019;3,779
24/07/2019;3,7736
23/07/2019;3,7737
22/07/2019;3,7407
19/07/2019;3,7494
18/07/2019;3,7194
17/07/2019;3,7641
16/07/2019;3,7687
15/07/2019;3,7567
12/07/2019;3,7373
11/07/2019;3,7551
10/07/2019;3,7546
09/07/2019;3,8005
08/07/2019;3,8073
05/07/2019;3,8221
04/07/2019;3,8011
03/07/2019;3,8272
02/07/2019;3,8456
01/07/2019;3,8405
28/06/2019;3,852
27/06/2019;3,8196
26/06/2019;3,8445
25/06/2019;3,848
24/06/2019;3,8254
21/06/2019;3,8192
20/06/2019;3,839
19/06/2019;3,839
18/06/2019;3,8604
17/06/2019;3,8883
14/06/2019;3,8959
13/06/2019;3,8487
12/06/2019;3,8672
11/06/2019;3,8571
10/06/2019;3,8887
07/06/2019;3,8789
06/06/2019;3,8799
05/06/2019;3,8811
04/06/2019;3,8548
03/06/2019;3,8859
31/05/2019;3,9228
30/05/2019;3,9818
29/05/2019;3,9747
28/05/2019;4,0247
27/05/2019;4,0423
24/05/2019;4,0225
23/05/2019;4,0401
22/05/2019;4,0403
21/05/2019;4,039
20/05/2019;4,0968
17/05/2019;4,0999
16/05/2019;4,047
15/05/2019;4,0017
14/05/2019;3,9751
13/05/2019;3,9939
10/05/2019;3,9572
09/05/2019;3,9466
08/05/2019;3,9285
07/05/2019;3,971
06/05/2019;3,9695
03/05/2019;3,9382
02/05/2019;3,9661
01/05/2019;3,9202
30/04/2019;3,9215
29/04/2019;3,9456
26/04/2019;3,9292
25/04/2019;3,9542
24/04/2019;3,9927
23/04/2019;3,9211
22/04/2019;3,9365
19/04/2019;3,9275
18/04/2019;3,9273
17/04/2019;3,9382
16/04/2019;3,904
15/04/2019;3,8723
12/04/2019;3,8819
11/04/2019;3,8582
10/04/2019;3,8251
09/04/2019;3,851
08/04/2019;3,8495
05/04/2019;3,8735
04/04/2019;3,859
03/04/2019;3,87
02/04/2019;3,8537
01/04/2019;3,8518
29/03/2019;3,9247
28/03/2019;3,901
27/03/2019;3,9935
26/03/2019;3,8773
25/03/2019;3,8544
22/03/2019;3,9071
21/03/2019;3,793
20/03/2019;3,7763
19/03/2019;3,7892
18/03/2019;3,7915
15/03/2019;3,8144
14/03/2019;3,8442
13/03/2019;3,8147
12/03/2019;3,8114
11/03/2019;3,8403
08/03/2019;3,8669
07/03/2019;3,8704
06/03/2019;3,84
05/03/2019;3,7755
04/03/2019;3,7755
01/03/2019;3,7752
28/02/2019;3,7514
27/02/2019;3,7287
26/02/2019;3,7489
25/02/2019;3,7522
22/02/2019;3,7485
21/02/2019;3,7695
20/02/2019;3,7277
19/02/2019;3,723
18/02/2019;3,7353
15/02/2019;3,7008
14/02/2019;3,7233
13/02/2019;3,7544
12/02/2019;3,7098
11/02/2019;3,7577
08/02/2019;3,7292
07/02/2019;3,7167
06/02/2019;3,6983
05/02/2019;3,6699
04/02/2019;3,6687
01/02/2019;3,6597
31/01/2019;3,644
30/01/2019;3,685
29/01/2019;3,7202
28/01/2019;3,7619
25/01/2019;3,7707
24/01/2019;3,7733
23/01/2019;3,7663
22/01/2019;3,8152
21/01/2019;3,755
18/01/2019;3,7517
17/01/2019;3,7504
16/01/2019;3,7366
15/01/2019;3,7172
14/01/2019;3,699
11/01/2019;3,7113
10/01/2019;3,7105
09/01/2019;3,6807
08/01/2019;3,7133
07/01/2019;3,7356
04/01/2019;3,7155
03/01/2019;3,7565
02/01/2019;3,79
01/01/2019;3,8812
31/12/2018;3,8812
28/12/2018;3,8812
27/12/2018;3,8735
26/12/2018;3,922
25/12/2018;3,904
24/12/2018;3,904
21/12/2018;3,904
20/12/2018;3,8422
19/12/2018;3,8977
18/12/2018;3,9124
17/12/2018;3,8995
14/12/2018;3,9171
13/12/2018;3,8911
12/12/2018;3,8555
11/12/2018;3,904
10/12/2018;3,9181
07/12/2018;3,9075
06/12/2018;3,8793
05/12/2018;3,8686
04/12/2018;3,8525
03/12/2018;3,8423
30/11/2018;3,8669
29/11/2018;3,8528
28/11/2018;3,851
27/11/2018;3,8752
26/11/2018;3,941
23/11/2018;3,8282
22/11/2018;3,8045
21/11/2018;3,7976
20/11/2018;3,7572
19/11/2018;3,757
16/11/2018;3,7435
15/11/2018;3,7843
14/11/2018;3,7841
13/11/2018;3,8032
12/11/2018;3,7675
09/11/2018;3,7335
08/11/2018;3,7605
07/11/2018;3,7318
06/11/2018;3,7615
05/11/2018;3,7262
02/11/2018;3,6967
01/11/2018;3,7012
31/10/2018;3,722
30/10/2018;3,6974
29/10/2018;3,7187
26/10/2018;3,6429
25/10/2018;3,7058
24/10/2018;3,735
23/10/2018;3,6943
22/10/2018;3,686
19/10/2018;3,7149
18/10/2018;3,7217
17/10/2018;3,6875
16/10/2018;3,7252
15/10/2018;3,7358
12/10/2018;3,783
11/10/2018;3,7812
10/10/2018;3,7555
09/10/2018;3,7155
08/10/2018;3,779
05/10/2018;3,8413
04/10/2018;3,8745
03/10/2018;3,9015
02/10/2018;3,9414
01/10/2018;4,0181
28/09/2018;4,0491
27/09/2018;4,0123
26/09/2018;4,0322
25/09/2018;4,0756
24/09/2018;4,0928
21/09/2018;4,0516
20/09/2018;4,0771
19/09/2018;4,1315
18/09/2018;4,1604
17/09/2018;4,1324
14/09/2018;4,1742
13/09/2018;4,2077
12/09/2018;4,1579
11/09/2018;4,1535
10/09/2018;4,0867
07/09/2018;4,0596
06/09/2018;4,0589
05/09/2018;4,1466
04/09/2018;4,1602
03/09/2018;4,159
31/08/2018;4,0556
30/08/2018;4,1495
29/08/2018;4,1074
28/08/2018;4,1342
27/08/2018;4,0775
24/08/2018;4,102
23/08/2018;4,1155
22/08/2018;4,0425
21/08/2018;4,0478
20/08/2018;3,97
17/08/2018;3,9116
16/08/2018;3,9071
15/08/2018;3,9055
14/08/2018;3,8673
13/08/2018;3,884
10/08/2018;3,8597
09/08/2018;3,8015
08/08/2018;3,7721
07/08/2018;3,7515
06/08/2018;3,7363
03/08/2018;3,708
02/08/2018;3,7503
01/08/2018;3,7499
31/07/2018;3,7564
30/07/2018;3,7307
27/07/2018;3,7114
26/07/2018;3,7462
25/07/2018;3,6886
24/07/2018;3,7481
23/07/2018;3,7827
20/07/2018;3,7681
19/07/2018;3,8295
18/07/2018;3,8513
17/07/2018;3,8388
16/07/2018;3,8605
13/07/2018;3,8518
12/07/2018;3,8822
11/07/2018;3,8773
10/07/2018;3,8152
09/07/2018;3,8727
06/07/2018;3,8628
05/07/2018;3,9327
04/07/2018;3,9138
03/07/2018;3,8975
02/07/2018;3,913
29/06/2018;3,8771
28/06/2018;3,8624
27/06/2018;3,8628
26/06/2018;3,8016
25/06/2018;3,7767
22/06/2018;3,786
21/06/2018;3,7691
20/06/2018;3,7714
19/06/2018;3,7471
18/06/2018;3,747
15/06/2018;3,7297
14/06/2018;3,806
13/06/2018;3,7201
12/06/2018;3,7185
11/06/2018;3,7097
08/06/2018;3,7094
07/06/2018;3,9078
06/06/2018;3,8488
05/06/2018;3,8068
04/06/2018;3,7468
01/06/2018;3,7633
31/05/2018;3,7235
30/05/2018;3,7241
29/05/2018;3,7254
28/05/2018;3,7352
25/05/2018;3,6524
24/05/2018;3,6495
23/05/2018;3,6288
22/05/2018;3,6448
21/05/2018;3,6772
18/05/2018;3,737
17/05/2018;3,6966
16/05/2018;3,6761
15/05/2018;3,654
14/05/2018;3,6231
11/05/2018;3,5999
10/05/2018;3,5502
09/05/2018;3,5924
08/05/2018;3,5636
07/05/2018;3,5534
04/05/2018;3,5304
03/05/2018;3,5282
02/05/2018;3,5518
01/05/2018;3,5076
30/04/2018;3,5072
27/04/2018;3,4568
26/04/2018;3,4755
25/04/2018;3,485
24/04/2018;3,4714
23/04/2018;3,4527
20/04/2018;3,413
19/04/2018;3,3885
18/04/2018;3,3804
17/04/2018;3,4079
16/04/2018;3,4194
13/04/2018;3,4223
12/04/2018;3,4132
11/04/2018;3,3746
10/04/2018;3,4088
09/04/2018;3,42
06/04/2018;3,3697
05/04/2018;3,3449
04/04/2018;3,3297
03/04/2018;3,3413
02/04/2018;3,3111
30/03/2018;3,3051
29/03/2018;3,306
28/03/2018;3,3205
27/03/2018;3,3288
26/03/2018;3,3119
23/03/2018;3,3123
22/03/2018;3,3159
21/03/2018;3,2725
20/03/2018;3,3117
19/03/2018;3,2862
16/03/2018;3,2811
15/03/2018;3,2862
14/03/2018;3,2607
13/03/2018;3,2607
12/03/2018;3,2622
09/03/2018;3,2553
08/03/2018;3,2669
07/03/2018;3,2454
06/03/2018;3,2117
05/03/2018;3,243
02/03/2018;3,2528
01/03/2018;3,2515
28/02/2018;3,2462
27/02/2018;3,2516
26/02/2018;3,2258
23/02/2018;3,2379
22/02/2018;3,2502
21/02/2018;3,2692
20/02/2018;3,2557
19/02/2018;3,2347
16/02/2018;3,2312
15/02/2018;3,2279
14/02/2018;3,2174
13/02/2018;3,2957
12/02/2018;3,2954
09/02/2018;3,2942
08/02/2018;3,2858
07/02/2018;3,2714
06/02/2018;3,2348
05/02/2018;3,2625
02/02/2018;3,2181
01/02/2018;3,1669
31/01/2018;3,1859
30/01/2018;3,1812
29/01/2018;3,155
26/01/2018;3,151
25/01/2018;3,1485
24/01/2018;3,1465
23/01/2018;3,237
22/01/2018;3,2021
19/01/2018;3,1962
18/01/2018;3,2065
17/01/2018;3,2238
16/01/2018;3,2243
15/01/2018;3,2163
12/01/2018;3,2064
11/01/2018;3,2155
10/01/2018;3,2283
09/01/2018;3,2483
08/01/2018;3,2407
05/01/2018;3,2291
04/01/2018;3,2347
03/01/2018;3,237
02/01/2018;3,2591
01/01/2018;3,3125
29/12/2017;3,3125
28/12/2017;3,3125
27/12/2017;3,315
26/12/2017;3,3111
25/12/2017;3,337
22/12/2017;3,337
21/12/2017;3,3084
20/12/2017;3,2979
19/12/2017;3,29
18/12/2017;3,2923
15/12/2017;3,2947
14/12/2017;3,3419
13/12/2017;3,31
12/12/2017;3,3065
11/12/2017;3,3048
08/12/2017;3,2919
07/12/2017;3,2907
06/12/2017;3,2357
05/12/2017;3,2418
04/12/2017;3,2442
01/12/2017;3,2581
30/11/2017;3,2727
29/11/2017;3,2461
28/11/2017;3,2131
27/11/2017;3,2278
24/11/2017;3,233
23/11/2017;3,2219
22/11/2017;3,2243
21/11/2017;3,2588
20/11/2017;3,2573
17/11/2017;3,2574
16/11/2017;3,274
15/11/2017;3,3133
14/11/2017;3,3131
13/11/2017;3,2794
10/11/2017;3,2779
09/11/2017;3,2521
08/11/2017;3,2548
07/11/2017;3,2714
06/11/2017;3,2495
03/11/2017;3,3144
02/11/2017;3,268
01/11/2017;3,2676
31/10/2017;3,2728
30/10/2017;3,2891
27/10/2017;3,2363
26/10/2017;3,2905
25/10/2017;3,2332
24/10/2017;3,2435
23/10/2017;3,2378
20/10/2017;3,1925
19/10/2017;3,1671
18/10/2017;3,1711
17/10/2017;3,158
16/10/2017;3,1712
13/10/2017;3,1452
12/10/2017;3,1705
11/10/2017;3,1724
10/10/2017;3,1795
09/10/2017;3,1888
06/10/2017;3,1561
05/10/2017;3,1544
04/10/2017;3,1352
03/10/2017;3,1427
02/10/2017;3,1544
29/09/2017;3,1619
28/09/2017;3,1825
27/09/2017;3,1932
26/09/2017;3,1666
25/09/2017;3,16
22/09/2017;3,125
21/09/2017;3,1377
20/09/2017;3,1325
19/09/2017;3,135
18/09/2017;3,1368
15/09/2017;3,1085
14/09/2017;3,119
13/09/2017;3,1353
12/09/2017;3,1251
11/09/2017;3,1029
08/09/2017;3,0868
07/09/2017;3,0993
06/09/2017;3,1004
05/09/2017;3,1174
04/09/2017;3,1417
01/09/2017;3,1416
31/08/2017;3,1479
30/08/2017;3,1603
29/08/2017;3,1652
28/08/2017;3,167
25/08/2017;3,1603
24/08/2017;3,1481
23/08/2017;3,1414
22/08/2017;3,1611
21/08/2017;3,1645
18/08/2017;3,1465
17/08/2017;3,1751
16/08/2017;3,1524
15/08/2017;3,1695
14/08/2017;3,189
11/08/2017;3,1938
10/08/2017;3,1757
09/08/2017;3,1559
08/08/2017;3,1269
07/08/2017;3,1265
04/08/2017;3,1314
03/08/2017;3,1125
02/08/2017;3,1137
01/08/2017;3,1265
31/07/2017;3,1264
28/07/2017;3,1319
27/07/2017;3,153
26/07/2017;3,1387
25/07/2017;3,1726
24/07/2017;3,147
21/07/2017;3,1418
20/07/2017;3,1208
19/07/2017;3,149
18/07/2017;3,1545
17/07/2017;3,1833
14/07/2017;3,1799
13/07/2017;3,2138
12/07/2017;3,2078
11/07/2017;3,2548
10/07/2017;3,2557
07/07/2017;3,2813
06/07/2017;3,2962
05/07/2017;3,2889
04/07/2017;3,3093
03/07/2017;3,3015
30/06/2017;3,3072
29/06/2017;3,3043
28/06/2017;3,2805
27/06/2017;3,3135
26/06/2017;3,2964
23/06/2017;3,343
22/06/2017;3,3425
21/06/2017;3,3362
20/06/2017;3,327
19/06/2017;3,2828
16/06/2017;3,2933
15/06/2017;3,275
14/06/2017;3,2741
13/06/2017;3,3154
12/06/2017;3,3181
09/06/2017;3,2971
08/06/2017;3,2617
07/06/2017;3,2695
06/06/2017;3,2778
05/06/2017;3,2969
02/06/2017;3,2483
01/06/2017;3,2506
31/05/2017;3,2266
30/05/2017;3,2577
29/05/2017;3,2567
26/05/2017;3,2601
25/05/2017;3,2736
24/05/2017;3,2784
23/05/2017;3,2705
22/05/2017;3,2656
19/05/2017;3,253
18/05/2017;3,371
17/05/2017;3,138
16/05/2017;3,0964
15/05/2017;3,1113
12/05/2017;3,1218
11/05/2017;3,1403
10/05/2017;3,1678
09/05/2017;3,1902
08/05/2017;3,198
05/05/2017;3,1774
04/05/2017;3,1885
03/05/2017;3,1652
02/05/2017;3,1517
01/05/2017;3,1765
28/04/2017;3,1767
27/04/2017;3,1834
26/04/2017;3,1723
25/04/2017;3,1471
24/04/2017;3,128
21/04/2017;3,1482
20/04/2017;3,1486
19/04/2017;3,1522
18/04/2017;3,1079
17/04/2017;3,0985
14/04/2017;3,1448
13/04/2017;3,1444
12/04/2017;3,1258
11/04/2017;3,1372
10/04/2017;3,132
07/04/2017;3,1462
06/04/2017;3,1426
05/04/2017;3,1203
04/04/2017;3,0939
03/04/2017;3,1147
31/03/2017;3,1233
30/03/2017;3,1495
29/03/2017;3,1199
28/03/2017;3,1412
27/03/2017;3,1265
24/03/2017;3,1086
23/03/2017;3,1395
22/03/2017;3,088
21/03/2017;3,0884
20/03/2017;3,0726
17/03/2017;3,0918
16/03/2017;3,1185
15/03/2017;3,1037
14/03/2017;3,1685
13/03/2017;3,1529
10/03/2017;3,1395
09/03/2017;3,1932
08/03/2017;3,1631
07/03/2017;3,1195
06/03/2017;3,1386
03/03/2017;3,1158
02/03/2017;3,1565
01/03/2017;3,09
28/02/2017;3,1091
27/02/2017;3,109
24/02/2017;3,111
23/02/2017;3,0595
22/02/2017;3,064
21/02/2017;3,0951
20/02/2017;3,087
17/02/2017;3,1048
16/02/2017;3,0892
15/02/2017;3,0575
14/02/2017;3,085
13/02/2017;3,1116
10/02/2017;3,1158
09/02/2017;3,1301
08/02/2017;3,1175
07/02/2017;3,1205
06/02/2017;3,116
03/02/2017;3,1177
02/02/2017;3,124
01/02/2017;3,1295
31/01/2017;3,1509
30/01/2017;3,127
27/01/2017;3,141
26/01/2017;3,178
25/01/2017;3,1702
24/01/2017;3,1702
23/01/2017;3,1633
20/01/2017;3,169
19/01/2017;3,1965
18/01/2017;3,2309
17/01/2017;3,2115
16/01/2017;3,2418
13/01/2017;3,2213
12/01/2017;3,1881
11/01/2017;3,1975
10/01/2017;3,1961
09/01/2017;3,1969
06/01/2017;3,2241
05/01/2017;3,199
04/01/2017;3,2163
03/01/2017;3,2652
02/01/2017;3,2857
30/12/2016;3,2547
29/12/2016;3,2547
28/12/2016;3,2845
27/12/2016;3,2712
26/12/2016;3,277
23/12/2016;3,271
22/12/2016;3,2875
21/12/2016;3,327
20/12/2016;3,3547
19/12/2016;3,365
16/12/2016;3,392
15/12/2016;3,3695
14/12/2016;3,3705
13/12/2016;3,3355
12/12/2016;3,3388
09/12/2016;3,3785
08/12/2016;3,3755
07/12/2016;3,383
06/12/2016;3,408
05/12/2016;3,4215
02/12/2016;3,4755
01/12/2016;3,4718
30/11/2016;3,3842
29/11/2016;3,399
28/11/2016;3,3859
25/11/2016;3,4223
24/11/2016;3,3915
23/11/2016;3,3945
22/11/2016;3,355
21/11/2016;3,3525
18/11/2016;3,3835
17/11/2016;3,4193
16/11/2016;3,42
15/11/2016;3,4404
14/11/2016;3,4331
11/11/2016;3,3915
10/11/2016;3,3864
09/11/2016;3,2172
08/11/2016;3,1695
07/11/2016;3,202
04/11/2016;3,2337
03/11/2016;3,2425
02/11/2016;3,2359
01/11/2016;3,2367
31/10/2016;3,1893
28/10/2016;3,2065
27/10/2016;3,1701
26/10/2016;3,1409
25/10/2016;3,1151
24/10/2016;3,1246
21/10/2016;3,1511
20/10/2016;3,1433
19/10/2016;3,1697
18/10/2016;3,1888
17/10/2016;3,2022
14/10/2016;3,2051
13/10/2016;3,178
12/10/2016;3,2025
11/10/2016;3,1953
10/10/2016;3,2065
07/10/2016;3,2204
06/10/2016;3,2298
05/10/2016;3,2202
04/10/2016;3,2578
03/10/2016;3,2105
30/09/2016;3,2603
29/09/2016;3,2595
28/09/2016;3,2167
27/09/2016;3,2346
26/09/2016;3,2401
23/09/2016;3,245
22/09/2016;3,2208
21/09/2016;3,2071
20/09/2016;3,2589
19/09/2016;3,2732
16/09/2016;3,2622
15/09/2016;3,3024
14/09/2016;3,3426
13/09/2016;3,3138
12/09/2016;3,2458
09/09/2016;3,2735
08/09/2016;3,2143
07/09/2016;3,193
06/09/2016;3,1952
05/09/2016;3,2833
02/09/2016;3,2568
01/09/2016;3,2582
31/08/2016;3,2272
30/08/2016;3,2419
29/08/2016;3,2298
26/08/2016;3,2655
25/08/2016;3,2367
24/08/2016;3,2257
23/08/2016;3,2337
22/08/2016;3,2014
19/08/2016;3,2038
18/08/2016;3,2393
17/08/2016;3,2036
16/08/2016;3,2027
15/08/2016;3,1862
12/08/2016;3,1925
11/08/2016;3,1449
10/08/2016;3,1271
09/08/2016;3,1456
08/08/2016;3,1749
05/08/2016;3,166
04/08/2016;3,1937
03/08/2016;3,2377
02/08/2016;3,2571
01/08/2016;3,2649
29/07/2016;3,2486
28/07/2016;3,2892
27/07/2016;3,2637
26/07/2016;3,2768
25/07/2016;3,286
22/07/2016;3,2565
21/07/2016;3,2722
20/07/2016;3,2591
19/07/2016;3,249
18/07/2016;3,2532
15/07/2016;3,282
14/07/2016;3,2511
13/07/2016;3,2637
12/07/2016;3,296
11/07/2016;3,3094
08/07/2016;3,3006
07/07/2016;3,3678
06/07/2016;3,33
05/07/2016;3,3024
04/07/2016;3,2695
01/07/2016;3,2361
30/06/2016;3,2134
29/06/2016;3,222
28/06/2016;3,3029
27/06/2016;3,3926
24/06/2016;3,3739
23/06/2016;3,339
22/06/2016;3,377
21/06/2016;3,4158
20/06/2016;3,3945
17/06/2016;3,4163
16/06/2016;3,4661
15/06/2016;3,4741
14/06/2016;3,4812
13/06/2016;3,4827
10/06/2016;3,4188
09/06/2016;3,401
08/06/2016;3,363
07/06/2016;3,4421
06/06/2016;3,4896
03/06/2016;3,524
02/06/2016;3,5926
01/06/2016;3,6007
31/05/2016;3,6111
30/05/2016;3,5713
27/05/2016;3,6116
26/05/2016;3,5825
25/05/2016;3,5836
24/05/2016;3,5713
23/05/2016;3,5728
20/05/2016;3,5202
19/05/2016;3,5644
18/05/2016;3,5683
17/05/2016;3,4888
16/05/2016;3,5001
13/05/2016;3,534
12/05/2016;3,4855
11/05/2016;3,4528
10/05/2016;3,4758
09/05/2016;3,5164
06/05/2016;3,5023
05/05/2016;3,5349
04/05/2016;3,5473
03/05/2016;3,5599
02/05/2016;3,5011
29/04/2016;3,4358
28/04/2016;3,4878
27/04/2016;3,5267
26/04/2016;3,5297
25/04/2016;3,5558
22/04/2016;3,5646
21/04/2016;3,5386
20/04/2016;3,5299
19/04/2016;3,5341
18/04/2016;3,6155
15/04/2016;3,5332
14/04/2016;3,4838
13/04/2016;3,4983
12/04/2016;3,4928
11/04/2016;3,4924
08/04/2016;3,5901
07/04/2016;3,6905
06/04/2016;3,6413
05/04/2016;3,6805
04/04/2016;3,624
01/04/2016;3,5538
31/03/2016;3,5935
30/03/2016;3,6002
29/03/2016;3,6386
28/03/2016;3,6278
25/03/2016;3,6835
24/03/2016;3,6771
23/03/2016;3,6854
22/03/2016;3,5812
21/03/2016;3,6178
18/03/2016;3,624
17/03/2016;3,6267
16/03/2016;3,7422
15/03/2016;3,7656
14/03/2016;3,6618
11/03/2016;3,582
10/03/2016;3,6215
09/03/2016;3,6849
08/03/2016;3,7556
07/03/2016;3,783
04/03/2016;3,7593
03/03/2016;3,7991
02/03/2016;3,8932
01/03/2016;3,9275
29/02/2016;4,0171
26/02/2016;3,9933
25/02/2016;3,956
24/02/2016;3,9591
23/02/2016;3,9569
22/02/2016;3,9473
19/02/2016;4,0214
18/02/2016;4,0284
17/02/2016;3,9851
16/02/2016;4,0723
15/02/2016;4,006
12/02/2016;4,0027
11/02/2016;3,9946
10/02/2016;3,9285
09/02/2016;3,8856
08/02/2016;3,8954
05/02/2016;3,9035
04/02/2016;3,8897
03/02/2016;3,8954
02/02/2016;3,9895
01/02/2016;3,9629
29/01/2016;3,9988
28/01/2016;4,0699
27/01/2016;4,1077
26/01/2016;4,0536
25/01/2016;4,0903
22/01/2016;4,0945
21/01/2016;4,1575
20/01/2016;4,0971
19/01/2016;4,0626
18/01/2016;4,0557
15/01/2016;4,0479
14/01/2016;3,9996
13/01/2016;4,0158
12/01/2016;4,029
11/01/2016;4,0537
08/01/2016;4,0245
07/01/2016;4,0448
06/01/2016;4,0244
05/01/2016;4,0077
04/01/2016;4,0402
01/01/2016;3,9608
31/12/2015;3,9608
30/12/2015;3,9608
29/12/2015;3,8655
28/12/2015;3,8586
25/12/2015;3,9463
24/12/2015;3,953
23/12/2015;3,9419
22/12/2015;3,9899
21/12/2015;4,0134
18/12/2015;3,9824
17/12/2015;3,8796
16/12/2015;3,8848
15/12/2015;3,873
14/12/2015;3,8779
11/12/2015;3,873
10/12/2015;3,8126
09/12/2015;3,7502
08/12/2015;3,7962
07/12/2015;3,7681
04/12/2015;3,7521
03/12/2015;3,7596
02/12/2015;3,8352
01/12/2015;3,8575
30/11/2015;3,869
27/11/2015;3,8464
26/11/2015;3,7431
25/11/2015;3,7425
24/11/2015;3,7
23/11/2015;3,733
20/11/2015;3,7052
19/11/2015;3,7181
18/11/2015;3,7668
17/11/2015;3,8105
16/11/2015;3,8194
13/11/2015;3,8456
12/11/2015;3,771
11/11/2015;3,7639
10/11/2015;3,751
09/11/2015;3,799
06/11/2015;3,7713
05/11/2015;3,7813
04/11/2015;3,8003
03/11/2015;3,7712
02/11/2015;3,8507
30/10/2015;3,8564
29/10/2015;3,8509
28/10/2015;3,9094
27/10/2015;3,8883
26/10/2015;3,906
23/10/2015;3,8807
22/10/2015;3,9088
21/10/2015;3,9414
20/10/2015;3,9073
19/10/2015;3,8857
16/10/2015;3,9245
15/10/2015;3,8032
14/10/2015;3,8119
13/10/2015;3,8937
12/10/2015;3,7639
09/10/2015;3,766
08/10/2015;3,7839
07/10/2015;3,8838
06/10/2015;3,8539
05/10/2015;3,912
02/10/2015;3,9331
01/10/2015;4,01
30/09/2015;3,9491
29/09/2015;4,0634
28/09/2015;4,1083
25/09/2015;3,9777
24/09/2015;3,9368
23/09/2015;4,178
22/09/2015;4,0497
21/09/2015;3,9857
18/09/2015;3,9459
17/09/2015;3,899
16/09/2015;3,8289
15/09/2015;3,8634
14/09/2015;3,815
11/09/2015;3,8705
10/09/2015;3,8498
09/09/2015;3,7783
08/09/2015;3,82
07/09/2015;3,8387
04/09/2015;3,8442
03/09/2015;3,738
02/09/2015;3,7591
01/09/2015;3,702
31/08/2015;3,6193
28/08/2015;3,5823
27/08/2015;3,551
26/08/2015;3,5963
25/08/2015;3,6175
24/08/2015;3,5534
21/08/2015;3,5007
20/08/2015;3,457
19/08/2015;3,4932
18/08/2015;3,4681
17/08/2015;3,4812
14/08/2015;3,4845
13/08/2015;3,5194
12/08/2015;3,481
11/08/2015;3,475
10/08/2015;3,4345
07/08/2015;3,5071
06/08/2015;3,5361
05/08/2015;3,4867
04/08/2015;3,4712
03/08/2015;3,4514
31/07/2015;3,4212
30/07/2015;3,3715
29/07/2015;3,3308
28/07/2015;3,3577
27/07/2015;3,364
24/07/2015;3,3556
23/07/2015;3,286
22/07/2015;3,2239
21/07/2015;3,1717
20/07/2015;3,1981
17/07/2015;3,1881
16/07/2015;3,1587
15/07/2015;3,1391
14/07/2015;3,1399
13/07/2015;3,1348
10/07/2015;3,1593
09/07/2015;3,2203
08/07/2015;3,2346
07/07/2015;3,1867
06/07/2015;3,1391
03/07/2015;3,1347
02/07/2015;3,0967
01/07/2015;3,1498
30/06/2015;3,103
29/06/2015;3,1178
26/06/2015;3,1295
25/06/2015;3,1277
24/06/2015;3,0979
23/06/2015;3,076
22/06/2015;3,0814
19/06/2015;3,0976
18/06/2015;3,0605
17/06/2015;3,057
16/06/2015;3,0885
15/06/2015;3,13
12/06/2015;3,1185
11/06/2015;3,0896
10/06/2015;3,1187
09/06/2015;3,0966
08/06/2015;3,1132
05/06/2015;3,1439
04/06/2015;3,1418
03/06/2015;3,1345
02/06/2015;3,1306
01/06/2015;3,1718
29/05/2015;3,1798
28/05/2015;3,1624
27/05/2015;3,1409
26/05/2015;3,1536
25/05/2015;3,0968
22/05/2015;3,0949
21/05/2015;3,0379
20/05/2015;3,0027
19/05/2015;3,0394
18/05/2015;3,0076
15/05/2015;2,9972
14/05/2015;2,9935
13/05/2015;3,0403
12/05/2015;3,0206
11/05/2015;3,0614
08/05/2015;2,9733
07/05/2015;3,026
06/05/2015;3,0333
05/05/2015;3,0536
04/05/2015;3,0864
01/05/2015;3,0146
30/04/2015;3,0145
29/04/2015;2,9612
28/04/2015;2,9364
27/04/2015;2,9173
24/04/2015;2,9517
23/04/2015;2,9707
22/04/2015;3,0113
21/04/2015;3,034
20/04/2015;3,033
17/04/2015;3,0409
16/04/2015;3,0221
15/04/2015;3,0294
14/04/2015;3,0634
13/04/2015;3,1212
10/04/2015;3,0756
09/04/2015;3,0591
08/04/2015;3,0495
07/04/2015;3,1288
06/04/2015;3,1263
03/04/2015;3,121
02/04/2015;3,1205
01/04/2015;3,1655
31/03/2015;3,1958
30/03/2015;3,2306
27/03/2015;3,2496
26/03/2015;3,1828
25/03/2015;3,2012
24/03/2015;3,1398
23/03/2015;3,1322
20/03/2015;3,2293
19/03/2015;3,2921
18/03/2015;3,2097
17/03/2015;3,2395
16/03/2015;3,2488
13/03/2015;3,2492
12/03/2015;3,1661
11/03/2015;3,1257
10/03/2015;3,1022
09/03/2015;3,1223
06/03/2015;3,0617
05/03/2015;3,0035
04/03/2015;2,9766
03/03/2015;2,9311
02/03/2015;2,8965
27/02/2015;2,839
26/02/2015;2,9085
25/02/2015;2,875
24/02/2015;2,833
23/02/2015;2,8788
20/02/2015;2,868
19/02/2015;2,8665
18/02/2015;2,8374
17/02/2015;2,8296
16/02/2015;2,8346
13/02/2015;2,8346
12/02/2015;2,821
11/02/2015;2,8693
10/02/2015;2,8343
09/02/2015;2,7698
06/02/2015;2,7825
05/02/2015;2,7451
04/02/2015;2,7418
03/02/2015;2,6945
02/02/2015;2,7271
30/01/2015;2,6824
29/01/2015;2,6035
28/01/2015;2,5764
27/01/2015;2,5724
26/01/2015;2,5835
23/01/2015;2,5797
22/01/2015;2,5745
21/01/2015;2,6005
20/01/2015;2,6138
19/01/2015;2,6517
16/01/2015;2,621
15/01/2015;2,6422
14/01/2015;2,6159
13/01/2015;2,643
12/01/2015;2,6734
09/01/2015;2,6301
08/01/2015;2,663
07/01/2015;2,6835
06/01/2015;2,7001
05/01/2015;2,7064
02/01/2015;2,6941
01/01/2015;2,6575
31/12/2014;2,6575
30/12/2014;2,6575
29/12/2014;2,7027
26/12/2014;2,6685
25/12/2014;2,6957
24/12/2014;2,6955
23/12/2014;2,6946
22/12/2014;2,6645
19/12/2014;2,6598
18/12/2014;2,6625
17/12/2014;2,7154
16/12/2014;2,7384
15/12/2014;2,6955
12/12/2014;2,6545
11/12/2014;2,6498
10/12/2014;2,6162
09/12/2014;2,593
08/12/2014;2,6004
05/12/2014;2,5895
04/12/2014;2,5915
03/12/2014;2,5525
02/12/2014;2,5682
01/12/2014;2,56
28/11/2014;2,5659
27/11/2014;2,5304
26/11/2014;2,5011
25/11/2014;2,5303
24/11/2014;2,5457
21/11/2014;2,5153
20/11/2014;2,5731
19/11/2014;2,572
18/11/2014;2,5825
17/11/2014;2,6081
14/11/2014;2,6018
13/11/2014;2,5889
12/11/2014;2,5665
11/11/2014;2,5575
10/11/2014;2,5528
07/11/2014;2,5587
06/11/2014;2,5697
05/11/2014;2,5049
04/11/2014;2,497
03/11/2014;2,4966
31/10/2014;2,4783
30/10/2014;2,4036
29/10/2014;2,4612
28/10/2014;2,4613
27/10/2014;2,5226
24/10/2014;2,4739
23/10/2014;2,4988
22/10/2014;2,4873
21/10/2014;2,4809
20/10/2014;2,4652
17/10/2014;2,4356
16/10/2014;2,4728
15/10/2014;2,4583
14/10/2014;2,4002
13/10/2014;2,3942
10/10/2014;2,4295
09/10/2014;2,3982
08/10/2014;2,3769
07/10/2014;2,3961
06/10/2014;2,4238
03/10/2014;2,4588
02/10/2014;2,4952
01/10/2014;2,4815
30/09/2014;2,4462
29/09/2014;2,447
26/09/2014;2,42
25/09/2014;2,4283
24/09/2014;2,3836
23/09/2014;2,4118
22/09/2014;2,3984
19/09/2014;2,3682
18/09/2014;2,3646
17/09/2014;2,3583
16/09/2014;2,3325
15/09/2014;2,3427
12/09/2014;2,3392
11/09/2014;2,298
10/09/2014;2,2885
09/09/2014;2,2868
08/09/2014;2,2677
05/09/2014;2,2405
04/09/2014;2,2431
03/09/2014;2,237
02/09/2014;2,2435
01/09/2014;2,2458
29/08/2014;2,236
28/08/2014;2,2415
27/08/2014;2,2471
26/08/2014;2,2618
25/08/2014;2,2883
22/08/2014;2,2778
21/08/2014;2,2687
20/08/2014;2,2623
19/08/2014;2,2467
18/08/2014;2,2576
15/08/2014;2,2598
14/08/2014;2,2666
13/08/2014;2,2803
12/08/2014;2,2767
11/08/2014;2,2755
08/08/2014;2,2812
07/08/2014;2,2957
06/08/2014;2,2738
05/08/2014;2,2818
04/08/2014;2,2584
01/08/2014;2,2574
31/07/2014;2,2639
30/07/2014;2,2454
29/07/2014;2,2305
28/07/2014;2,2222
25/07/2014;2,229
24/07/2014;2,2228
23/07/2014;2,2182
22/07/2014;2,213
21/07/2014;2,22
18/07/2014;2,2255
17/07/2014;2,2582
16/07/2014;2,2238
15/07/2014;2,2199
14/07/2014;2,2107
11/07/2014;2,2208
10/07/2014;2,2192
09/07/2014;2,2123
08/07/2014;2,2123
07/07/2014;2,224
04/07/2014;2,2132
03/07/2014;2,2103
02/07/2014;2,2252
01/07/2014;2,2018
30/06/2014;2,2143
27/06/2014;2,194
26/06/2014;2,1969
25/06/2014;2,2078
24/06/2014;2,2252
23/06/2014;2,218
20/06/2014;2,2295
19/06/2014;2,2225
18/06/2014;2,228
17/06/2014;2,2618
16/06/2014;2,2343
13/06/2014;2,2241
12/06/2014;2,23
11/06/2014;2,2335
10/06/2014;2,2225
09/06/2014;2,2277
06/06/2014;2,2475
05/06/2014;2,2617
04/06/2014;2,2781
03/06/2014;2,2805
02/06/2014;2,2769
30/05/2014;2,2408
29/05/2014;2,2252
28/05/2014;2,2325
27/05/2014;2,2378
26/05/2014;2,2239
23/05/2014;2,2235
22/05/2014;2,2153
21/05/2014;2,2075
20/05/2014;2,2165
19/05/2014;2,2058
16/05/2014;2,2146
15/05/2014;2,2203
14/05/2014;2,2025
13/05/2014;2,2151
12/05/2014;2,2145
09/05/2014;2,2128
08/05/2014;2,2153
07/05/2014;2,2166
06/05/2014;2,2292
05/05/2014;2,2431
02/05/2014;2,22
01/05/2014;2,2335
30/04/2014;2,233
29/04/2014;2,2359
28/04/2014;2,2237
25/04/2014;2,2445
24/04/2014;2,2138
23/04/2014;2,2212
22/04/2014;2,238
21/04/2014;2,237
18/04/2014;2,2372
17/04/2014;2,2376
16/04/2014;2,2436
15/04/2014;2,2329
14/04/2014;2,214
11/04/2014;2,2184
10/04/2014;2,2067
09/04/2014;2,1856
08/04/2014;2,2012
07/04/2014;2,2189
04/04/2014;2,236
03/04/2014;2,2793
02/04/2014;2,2691
01/04/2014;2,2607
31/03/2014;2,2721
28/03/2014;2,2618
27/03/2014;2,2593
26/03/2014;2,3041
25/03/2014;2,3114
24/03/2014;2,3225
21/03/2014;2,3246
20/03/2014;2,3281
19/03/2014;2,3478
18/03/2014;2,3342
17/03/2014;2,3495
14/03/2014;2,3465
13/03/2014;2,3641
12/03/2014;2,3525
11/03/2014;2,3642
10/03/2014;2,3498
07/03/2014;2,3406
06/03/2014;2,3232
05/03/2014;2,3181
04/03/2014;2,3412
03/03/2014;2,3441
28/02/2014;2,3384
27/02/2014;2,322
26/02/2014;2,3497
25/02/2014;2,3411
24/02/2014;2,3392
21/02/2014;2,3456
20/02/2014;2,3704
19/02/2014;2,3942
18/02/2014;2,3955
17/02/2014;2,39
14/02/2014;2,3891
13/02/2014;2,3938
12/02/2014;2,4255
11/02/2014;2,4005
10/02/2014;2,409
07/02/2014;2,3802
06/02/2014;2,3825
05/02/2014;2,3986
04/02/2014;2,4055
03/02/2014;2,4402
31/01/2014;2,4127
30/01/2014;2,4118
29/01/2014;2,4352
28/01/2014;2,4263
27/01/2014;2,4215
24/01/2014;2,3982
23/01/2014;2,3959
22/01/2014;2,3731
21/01/2014;2,3575
20/01/2014;2,3442
17/01/2014;2,3426
16/01/2014;2,3636
15/01/2014;2,3605
14/01/2014;2,3503
13/01/2014;2,3598
10/01/2014;2,3584
09/01/2014;2,3904
08/01/2014;2,3967
07/01/2014;2,3725
06/01/2014;2,3761
03/01/2014;2,3765
02/01/2014;2,3876
01/01/2014;2,3621
31/12/2013;2,3621
30/12/2013;2,3621
27/12/2013;2,3384
26/12/2013;2,3518
25/12/2013;2,3571
24/12/2013;2,3573
23/12/2013;2,3571
20/12/2013;2,3876
19/12/2013;2,3535
18/12/2013;2,3262
17/12/2013;2,3194
16/12/2013;2,3278
13/12/2013;2,33
12/12/2013;2,3327
11/12/2013;2,3413
10/12/2013;2,309
09/12/2013;2,3197
06/12/2013;2,3267
05/12/2013;2,3612
04/12/2013;2,3914
03/12/2013;2,3758
02/12/2013;2,3559
29/11/2013;2,3358
28/11/2013;2,3176
27/11/2013;2,33
26/11/2013;2,2967
25/11/2013;2,2837
22/11/2013;2,2788
21/11/2013;2,3062
20/11/2013;2,2717
19/11/2013;2,2713
18/11/2013;2,2633
15/11/2013;2,319
14/11/2013;2,3137
13/11/2013;2,3335
12/11/2013;2,3333
11/11/2013;2,3308
08/11/2013;2,3142
07/11/2013;2,3058
06/11/2013;2,2855
05/11/2013;2,2823
04/11/2013;2,2458
01/11/2013;2,2567
31/10/2013;2,2401
30/10/2013;2,184
29/10/2013;2,185
28/10/2013;2,1805
25/10/2013;2,1877
24/10/2013;2,204
23/10/2013;2,1881
22/10/2013;2,1725
21/10/2013;2,1735
18/10/2013;2,1689
17/10/2013;2,1525
16/10/2013;2,1806
15/10/2013;2,1777
14/10/2013;2,1816
11/10/2013;2,174
10/10/2013;2,1799
09/10/2013;2,2075
08/10/2013;2,2115
07/10/2013;2,2047
04/10/2013;2,212
03/10/2013;2,207
02/10/2013;2,1914
01/10/2013;2,2157
30/09/2013;2,2162
27/09/2013;2,2523
26/09/2013;2,2459
25/09/2013;2,2324
24/09/2013;2,201
23/09/2013;2,1986
20/09/2013;2,2102
19/09/2013;2,2026
18/09/2013;2,1865
17/09/2013;2,256
16/09/2013;2,2843
13/09/2013;2,2803
12/09/2013;2,2752
11/09/2013;2,2772
10/09/2013;2,2836
09/09/2013;2,2763
06/09/2013;2,3066
05/09/2013;2,3249
04/09/2013;2,3605
03/09/2013;2,3585
02/09/2013;2,378
30/08/2013;2,3862
29/08/2013;2,3598
28/08/2013;2,3442
27/08/2013;2,372
26/08/2013;2,3792
23/08/2013;2,3486
22/08/2013;2,4348
21/08/2013;2,4524
20/08/2013;2,3936
19/08/2013;2,4129
16/08/2013;2,3925
15/08/2013;2,3407
14/08/2013;2,3244
13/08/2013;2,3138
12/08/2013;2,2873
09/08/2013;2,2717
08/08/2013;2,2844
07/08/2013;2,314
06/08/2013;2,2991
05/08/2013;2,3058
02/08/2013;2,2876
01/08/2013;2,3045
31/07/2013;2,2771
30/07/2013;2,2832
29/07/2013;2,2687
26/07/2013;2,2568
25/07/2013;2,2428
24/07/2013;2,2513
23/07/2013;2,2134
22/07/2013;2,2328
19/07/2013;2,2467
18/07/2013;2,2271
17/07/2013;2,2257
16/07/2013;2,2531
15/07/2013;2,2193
12/07/2013;2,2673
11/07/2013;2,2538
10/07/2013;2,2643
09/07/2013;2,2571
08/07/2013;2,2642
05/07/2013;2,2525
04/07/2013;2,248
03/07/2013;2,2681
02/07/2013;2,2546
01/07/2013;2,2283
28/06/2013;2,2321
27/06/2013;2,1989
26/06/2013;2,187
25/06/2013;2,2139
24/06/2013;2,226
21/06/2013;2,242
20/06/2013;2,2586
19/06/2013;2,225
18/06/2013;2,181
17/06/2013;2,1705
14/06/2013;2,1528
13/06/2013;2,1218
12/06/2013;2,156
11/06/2013;2,1323
10/06/2013;2,1466
07/06/2013;2,1321
06/06/2013;2,1304
05/06/2013;2,1288
04/06/2013;2,1258
03/06/2013;2,1243
31/05/2013;2,1423
30/05/2013;2,1103
29/05/2013;2,1106
28/05/2013;2,0757
27/05/2013;2,0545
24/05/2013;2,0518
23/05/2013;2,0442
22/05/2013;2,049
21/05/2013;2,0413
20/05/2013;2,0398
17/05/2013;2,0353
16/05/2013;2,0268
15/05/2013;2,0229
14/05/2013;2,0204
13/05/2013;2,0074
10/05/2013;2,0201
09/05/2013;2,0137
08/05/2013;2,0055
07/05/2013;2,0079
06/05/2013;2,0096
03/05/2013;2,0091
02/05/2013;2,0097
01/05/2013;2,0015
30/04/2013;2,0017
29/04/2013;2,0082
26/04/2013;1,9988
25/04/2013;2,0017
24/04/2013;2,0109
23/04/2013;2,0248
22/04/2013;2,0213
19/04/2013;2,0108
18/04/2013;2,0187
17/04/2013;2,0012
16/04/2013;1,987
15/04/2013;2,0012
12/04/2013;1,9695
11/04/2013;1,9737
10/04/2013;1,9743
09/04/2013;1,9811
08/04/2013;1,9922
05/04/2013;1,986
04/04/2013;2,0137
03/04/2013;2,0245
02/04/2013;2,019
01/04/2013;2,0205
29/03/2013;2,0242
28/03/2013;2,0224
27/03/2013;2,011
26/03/2013;2,0173
25/03/2013;2,0123
22/03/2013;2,0091
21/03/2013;2,0082
20/03/2013;1,9903
19/03/2013;1,9855
18/03/2013;1,982
15/03/2013;1,9817
14/03/2013;1,9717
13/03/2013;1,9723
12/03/2013;1,9647
11/03/2013;1,9567
08/03/2013;1,9447
07/03/2013;1,9607
06/03/2013;1,9708
05/03/2013;1,9644
04/03/2013;1,9708
01/03/2013;1,9792
28/02/2013;1,9803
27/02/2013;1,9732
26/02/2013;1,9825
25/02/2013;1,983
22/02/2013;1,9727
21/02/2013;1,9735
20/02/2013;1,9611
19/02/2013;1,9543
18/02/2013;1,9634
15/02/2013;1,9688
14/02/2013;1,9577
13/02/2013;1,9647
12/02/2013;1,969
11/02/2013;1,9728
08/02/2013;1,9732
07/02/2013;1,9667
06/02/2013;1,9903
05/02/2013;1,9845
04/02/2013;1,996
01/02/2013;1,9878
31/01/2013;1,9908
30/01/2013;1,9914
29/01/2013;1,9859
28/01/2013;1,9958
25/01/2013;2,03
24/01/2013;2,03
23/01/2013;2,0354
22/01/2013;2,0429
21/01/2013;2,0418
18/01/2013;2,0408
17/01/2013;2,0385
16/01/2013;2,0424
15/01/2013;2,0358
14/01/2013;2,0318
11/01/2013;2,0332
10/01/2013;2,029
09/01/2013;2,0381
08/01/2013;2,0415
07/01/2013;2,0267
04/01/2013;2,0347
03/01/2013;2,0459
02/01/2013;2,0452
01/01/2013;2,0485
31/12/2012;2,0485
28/12/2012;2,0475
27/12/2012;2,0434
26/12/2012;2,0491
25/12/2012;2,0783
24/12/2012;2,0783
21/12/2012;2,0783
20/12/2012;2,0694
19/12/2012;2,0716
18/12/2012;2,089
17/12/2012;2,0995
14/12/2012;2,0856
13/12/2012;2,0852
12/12/2012;2,072
11/12/2012;2,0787
10/12/2012;2,0768
07/12/2012;2,0747
06/12/2012;2,0774
05/12/2012;2,0878
04/12/2012;2,1197
03/12/2012;2,1193
30/11/2012;2,1361
29/11/2012;2,0987
28/11/2012;2,0928
27/11/2012;2,0842
26/11/2012;2,083
23/11/2012;2,0816
22/11/2012;2,1048
21/11/2012;2,0988
20/11/2012;2,0805
19/11/2012;2,0762
16/11/2012;2,0842
15/11/2012;2,0665
14/11/2012;2,0669
13/11/2012;2,0583
12/11/2012;2,051
09/11/2012;2,0463
08/11/2012;2,0404
07/11/2012;2,0337
06/11/2012;2,0321
05/11/2012;2,0353
02/11/2012;2,0316
01/11/2012;2,031
31/10/2012;2,0309
30/10/2012;2,0307
29/10/2012;2,0335
26/10/2012;2,027
25/10/2012;2,0252
24/10/2012;2,0252
23/10/2012;2,027
22/10/2012;2,0242
19/10/2012;2,0277
18/10/2012;2,0263
17/10/2012;2,032
16/10/2012;2,033
15/10/2012;2,0363
12/10/2012;2,0445
11/10/2012;2,0423
10/10/2012;2,0426
09/10/2012;2,0362
08/10/2012;2,0297
05/10/2012;2,031
04/10/2012;2,0177
03/10/2012;2,022
02/10/2012;2,0257
01/10/2012;2,0264
28/09/2012;2,0257
27/09/2012;2,0293
26/09/2012;2,0362
25/09/2012;2,0315
24/09/2012;2,0264
21/09/2012;2,0225
20/09/2012;2,0213
19/09/2012;2,0242
18/09/2012;2,0231
17/09/2012;2,0329
14/09/2012;2,0119
13/09/2012;2,0211
12/09/2012;2,0271
11/09/2012;2,0167
10/09/2012;2,0224
07/09/2012;2,0281
06/09/2012;2,0281
05/09/2012;2,0393
04/09/2012;2,0427
03/09/2012;2,033
31/08/2012;2,0293
30/08/2012;2,0488
29/08/2012;2,05
28/08/2012;2,044
27/08/2012;2,0342
24/08/2012;2,0271
23/08/2012;2,0237
22/08/2012;2,0165
21/08/2012;2,0158
20/08/2012;2,0168
17/08/2012;2,0155
16/08/2012;2,0168
15/08/2012;2,0225
14/08/2012;2,0266
13/08/2012;2,0204
10/08/2012;2,0149
09/08/2012;2,013
08/08/2012;2,0205
07/08/2012;2,0285
06/08/2012;2,0312
03/08/2012;2,0282
02/08/2012;2,0497
01/08/2012;2,0443
31/07/2012;2,0567
30/07/2012;2,0405
27/07/2012;2,0212
26/07/2012;2,0213
25/07/2012;2,0331
24/07/2012;2,0477
23/07/2012;2,0389
20/07/2012;2,0236
19/07/2012;2,0125
18/07/2012;2,0227
17/07/2012;2,022
16/07/2012;2,0347
13/07/2012;2,037
12/07/2012;2,0373
11/07/2012;2,0345
10/07/2012;2,0333
09/07/2012;2,0323
06/07/2012;2,0281
05/07/2012;2,0194
04/07/2012;2,0279
03/07/2012;2,0156
02/07/2012;1,9849
29/06/2012;2,0095
28/06/2012;2,0765
27/06/2012;2,0764
26/06/2012;2,0724
25/06/2012;2,0613
22/06/2012;2,0675
21/06/2012;2,0631
20/06/2012;2,0256
19/06/2012;2,0279
18/06/2012;2,0641
15/06/2012;2,0484
14/06/2012;2,0569
13/06/2012;2,0719
12/06/2012;2,0684
11/06/2012;2,0652
08/06/2012;2,0213
07/06/2012;2,0328
06/06/2012;2,0328
05/06/2012;2,0248
04/06/2012;2,056
01/06/2012;2,04
31/05/2012;2,0226
30/05/2012;2,016
29/05/2012;1,9895
28/05/2012;1,9832
25/05/2012;1,9846
24/05/2012;2,0282
23/05/2012;2,0309
22/05/2012;2,0907
21/05/2012;2,0417
18/05/2012;2,0237
17/05/2012;2,0092
16/05/2012;2,0005
15/05/2012;2,0017
14/05/2012;1,9951
11/05/2012;1,966
10/05/2012;1,9529
09/05/2012;1,9715
08/05/2012;1,9397
07/05/2012;1,9194
04/05/2012;1,9275
03/05/2012;1,9085
02/05/2012;1,9243
01/05/2012;1,9047
30/04/2012;1,9088
27/04/2012;1,8861
26/04/2012;1,8855
25/04/2012;1,8788
24/04/2012;1,8821
23/04/2012;1,8802
20/04/2012;1,8724
19/04/2012;1,8806
18/04/2012;1,879
17/04/2012;1,8612
16/04/2012;1,8478
13/04/2012;1,8372
12/04/2012;1,8272
11/04/2012;1,8358
10/04/2012;1,8337
09/04/2012;1,8173
06/04/2012;1,8214
05/04/2012;1,8214
04/04/2012;1,8263
03/04/2012;1,8255
02/04/2012;1,8329
30/03/2012;1,8264
29/03/2012;1,8224
28/03/2012;1,823
27/03/2012;1,8219
26/03/2012;1,8175
23/03/2012;1,8106
22/03/2012;1,8199
21/03/2012;1,8226
20/03/2012;1,8144
19/03/2012;1,8215
16/03/2012;1,8003
15/03/2012;1,7991
14/03/2012;1,8054
13/03/2012;1,7926
12/03/2012;1,7995
09/03/2012;1,7914
08/03/2012;1,7612
07/03/2012;1,7665
06/03/2012;1,7584
05/03/2012;1,7394
02/03/2012;1,7311
01/03/2012;1,7138
29/02/2012;1,7174
28/02/2012;1,695
27/02/2012;1,7077
24/02/2012;1,7094
23/02/2012;1,7137
22/02/2012;1,7064
21/02/2012;1,7175
20/02/2012;1,7178
17/02/2012;1,715
16/02/2012;1,7165
15/02/2012;1,7289
14/02/2012;1,7211
13/02/2012;1,7165
10/02/2012;1,7208
09/02/2012;1,7163
08/02/2012;1,7214
07/02/2012;1,726
06/02/2012;1,7266
03/02/2012;1,7161
02/02/2012;1,7195
01/02/2012;1,7342
31/01/2012;1,7472
30/01/2012;1,75
27/01/2012;1,7374
26/01/2012;1,7505
25/01/2012;1,7605
24/01/2012;1,7585
23/01/2012;1,7552
20/01/2012;1,7548
19/01/2012;1,7655
18/01/2012;1,7649
17/01/2012;1,788
16/01/2012;1,7859
13/01/2012;1,7849
12/01/2012;1,778
11/01/2012;1,803
10/01/2012;1,7995
09/01/2012;1,8329
06/01/2012;1,8579
05/01/2012;1,8437
04/01/2012;1,8323
03/01/2012;1,8304
02/01/2012;1,8708
30/12/2011;1,8632
29/12/2011;1,8657
28/12/2011;1,874
27/12/2011;1,8613
26/12/2011;1,8558
23/12/2011;1,8567
22/12/2011;1,8562
21/12/2011;1,8607
20/12/2011;1,845
19/12/2011;1,8687
16/12/2011;1,852
15/12/2011;1,8602
14/12/2011;1,8798
13/12/2011;1,8647
12/12/2011;1,8439
09/12/2011;1,7979
08/12/2011;1,822
07/12/2011;1,7992
06/12/2011;1,7915
05/12/2011;1,7857
02/12/2011;1,7912
01/12/2011;1,8
30/11/2011;1,8083
29/11/2011;1,845
28/11/2011;1,8542
25/11/2011;1,892
24/11/2011;1,8981
23/11/2011;1,8672
22/11/2011;1,8184
21/11/2011;1,8081
18/11/2011;1,786
17/11/2011;1,7785
16/11/2011;1,7697
15/11/2011;1,7721
14/11/2011;1,7671
11/11/2011;1,7424
10/11/2011;1,7614
09/11/2011;1,7795
08/11/2011;1,7323
07/11/2011;1,7464
04/11/2011;1,7525
03/11/2011;1,7367
02/11/2011;1,736
01/11/2011;1,745
31/10/2011;1,7172
28/10/2011;1,6725
27/10/2011;1,7095
26/10/2011;1,7584
25/10/2011;1,766
24/10/2011;1,7508
21/10/2011;1,7748
20/10/2011;1,7812
19/10/2011;1,7731
18/10/2011;1,7524
17/10/2011;1,7736
14/10/2011;1,7319
13/10/2011;1,7508
12/10/2011;1,775
11/10/2011;1,775
10/10/2011;1,7624
07/10/2011;1,7717
06/10/2011;1,7805
05/10/2011;1,8317
04/10/2011;1,8575
03/10/2011;1,893
30/09/2011;1,879
29/09/2011;1,8425
28/09/2011;1,8372
27/09/2011;1,8042
26/09/2011;1,8225
23/09/2011;1,8333
22/09/2011;1,9033
21/09/2011;1,8838
20/09/2011;1,7856
19/09/2011;1,7997
16/09/2011;1,7327
15/09/2011;1,705
14/09/2011;1,714
13/09/2011;1,71
12/09/2011;1,7037
09/09/2011;1,6729
08/09/2011;1,6595
07/09/2011;1,654
06/09/2011;1,6553
05/09/2011;1,6454
02/09/2011;1,6415
01/09/2011;1,62
31/08/2011;1,5892
30/08/2011;1,5963
29/08/2011;1,5912
26/08/2011;1,6031
25/08/2011;1,6096
24/08/2011;1,6137
23/08/2011;1,5968
22/08/2011;1,6073
19/08/2011;1,5998
18/08/2011;1,5989
17/08/2011;1,5888
16/08/2011;1,5899
15/08/2011;1,5882
12/08/2011;1,611
11/08/2011;1,6272
10/08/2011;1,6235
09/08/2011;1,5894
08/08/2011;1,6265
05/08/2011;1,5759
04/08/2011;1,5873
03/08/2011;1,5621
02/08/2011;1,566
01/08/2011;1,5666
29/07/2011;1,549
28/07/2011;1,567
27/07/2011;1,5553
26/07/2011;1,5383
25/07/2011;1,5402
22/07/2011;1,5522
21/07/2011;1,5527
20/07/2011;1,5654
19/07/2011;1,5663
18/07/2011;1,5771
15/07/2011;1,5746
14/07/2011;1,577
13/07/2011;1,5719
12/07/2011;1,5795
11/07/2011;1,5803
08/07/2011;1,5654
07/07/2011;1,5553
06/07/2011;1,5692
05/07/2011;1,5653
04/07/2011;1,5527
01/07/2011;1,5573
30/06/2011;1,5622
29/06/2011;1,5674
28/06/2011;1,5762
27/06/2011;1,594
24/06/2011;1,6044
23/06/2011;1,5913
22/06/2011;1,5914
21/06/2011;1,5865
20/06/2011;1,5962
17/06/2011;1,598
16/06/2011;1,6024
15/06/2011;1,6002
14/06/2011;1,5828
13/06/2011;1,5832
10/06/2011;1,5963
09/06/2011;1,5829
08/06/2011;1,5812
07/06/2011;1,5808
06/06/2011;1,5841
03/06/2011;1,576
02/06/2011;1,5754
01/06/2011;1,5933
31/05/2011;1,58
30/05/2011;1,5885
27/05/2011;1,5945
26/05/2011;1,6158
25/05/2011;1,6289
24/05/2011;1,624
23/05/2011;1,6335
20/05/2011;1,6225
19/05/2011;1,6165
18/05/2011;1,6093
17/05/2011;1,6159
16/05/2011;1,6346
13/05/2011;1,6361
12/05/2011;1,6196
11/05/2011;1,6209
10/05/2011;1,6037
09/05/2011;1,6134
06/05/2011;1,6153
05/05/2011;1,6215
04/05/2011;1,6158
03/05/2011;1,5883
02/05/2011;1,5888
29/04/2011;1,5775
28/04/2011;1,5817
27/04/2011;1,5669
26/04/2011;1,5619
25/04/2011;1,5685
22/04/2011;1,564
21/04/2011;1,564
20/04/2011;1,5664
19/04/2011;1,5755
18/04/2011;1,5882
15/04/2011;1,5758
14/04/2011;1,5778
13/04/2011;1,5862
12/04/2011;1,596
11/04/2011;1,5829
08/04/2011;1,5689
07/04/2011;1,586
06/04/2011;1,6149
05/04/2011;1,6082
04/04/2011;1,6072
01/04/2011;1,6275
31/03/2011;1,632
30/03/2011;1,6284
29/03/2011;1,646
28/03/2011;1,6629
25/03/2011;1,6615
24/03/2011;1,6593
23/03/2011;1,6611
22/03/2011;1,6595
21/03/2011;1,6669
18/03/2011;1,6655
17/03/2011;1,6782
16/03/2011;1,6757
15/03/2011;1,6655
14/03/2011;1,6593
11/03/2011;1,665
10/03/2011;1,6623
09/03/2011;1,6538
08/03/2011;1,654
07/03/2011;1,6526
04/03/2011;1,6555
03/03/2011;1,6489
02/03/2011;1,6575
01/03/2011;1,6633
28/02/2011;1,6638
25/02/2011;1,6632
24/02/2011;1,664
23/02/2011;1,6745
22/02/2011;1,6721
21/02/2011;1,6684
18/02/2011;1,6628
17/02/2011;1,6615
16/02/2011;1,6705
15/02/2011;1,669
14/02/2011;1,667
11/02/2011;1,6656
10/02/2011;1,6686
09/02/2011;1,6596
08/02/2011;1,665
07/02/2011;1,6789
04/02/2011;1,6735
03/02/2011;1,6683
02/02/2011;1,6681
01/02/2011;1,6648
31/01/2011;1,6675
28/01/2011;1,6823
27/01/2011;1,6762
26/01/2011;1,6678
25/01/2011;1,6717
24/01/2011;1,6713
21/01/2011;1,6764
20/01/2011;1,6738
19/01/2011;1,6705
18/01/2011;1,6742
17/01/2011;1,6801
14/01/2011;1,6856
13/01/2011;1,6726
12/01/2011;1,6731
11/01/2011;1,6834
10/01/2011;1,6888
07/01/2011;1,6832
06/01/2011;1,6856
05/01/2011;1,6737
04/01/2011;1,661
03/01/2011;1,647
31/12/2010;1,6595
30/12/2010;1,66
29/12/2010;1,677
28/12/2010;1,6912
27/12/2010;1,6856
24/12/2010;1,6909
23/12/2010;1,6903
22/12/2010;1,6999
21/12/2010;1,6952
20/12/2010;1,7062
17/12/2010;1,7138
16/12/2010;1,7031
15/12/2010;1,7096
14/12/2010;1,6971
13/12/2010;1,6935
10/12/2010;1,7066
09/12/2010;1,7094
08/12/2010;1,6898
07/12/2010;1,682
06/12/2010;1,6749
03/12/2010;1,6875
02/12/2010;1,696
01/12/2010;1,7052
30/11/2010;1,715
29/11/2010;1,7183
26/11/2010;1,7269
25/11/2010;1,7211
24/11/2010;1,721
23/11/2010;1,7357
22/11/2010;1,7213
19/11/2010;1,7154
18/11/2010;1,7115
17/11/2010;1,7264
16/11/2010;1,7403
15/11/2010;1,7218
12/11/2010;1,7219
11/11/2010;1,7158
10/11/2010;1,7076
09/11/2010;1,7007
08/11/2010;1,7003
05/11/2010;1,6785
04/11/2010;1,67
03/11/2010;1,6899
02/11/2010;1,7039
01/11/2010;1,7038
29/10/2010;1,7012
28/10/2010;1,7045
27/10/2010;1,7203
26/10/2010;1,7033
25/10/2010;1,6958
22/10/2010;1,7059
21/10/2010;1,6969
20/10/2010;1,6762
19/10/2010;1,6824
18/10/2010;1,6725
15/10/2010;1,6656
14/10/2010;1,6597
13/10/2010;1,6522
12/10/2010;1,6707
11/10/2010;1,6706
08/10/2010;1,6656
07/10/2010;1,6812
06/10/2010;1,6782
05/10/2010;1,6636
04/10/2010;1,6977
01/10/2010;1,6897
30/09/2010;1,6876
29/09/2010;1,7005
28/09/2010;1,708
27/09/2010;1,7099
24/09/2010;1,7088
23/09/2010;1,7228
22/09/2010;1,7187
21/09/2010;1,7116
20/09/2010;1,7328
17/09/2010;1,7217
16/09/2010;1,7123
15/09/2010;1,7237
14/09/2010;1,71
13/09/2010;1,7098
10/09/2010;1,7218
09/09/2010;1,7201
08/09/2010;1,7256
07/09/2010;1,734
06/09/2010;1,7269
03/09/2010;1,7325
02/09/2010;1,7256
01/09/2010;1,745
31/08/2010;1,755
30/08/2010;1,759
27/08/2010;1,7493
26/08/2010;1,7616
25/08/2010;1,7635
24/08/2010;1,7713
23/08/2010;1,77
20/08/2010;1,7562
19/08/2010;1,7569
18/08/2010;1,7515
17/08/2010;1,7549
16/08/2010;1,757
13/08/2010;1,7723
12/08/2010;1,7687
11/08/2010;1,774
10/08/2010;1,7527
09/08/2010;1,748
06/08/2010;1,76
05/08/2010;1,7525
04/08/2010;1,7517
03/08/2010;1,7557
02/08/2010;1,7511
30/07/2010;1,754
29/07/2010;1,7599
28/07/2010;1,7658
27/07/2010;1,7687
26/07/2010;1,7622
23/07/2010;1,7732
22/07/2010;1,7578
21/07/2010;1,7807
20/07/2010;1,7738
19/07/2010;1,7924
16/07/2010;1,783
15/07/2010;1,7631
14/07/2010;1,7631
13/07/2010;1,754
12/07/2010;1,7607
09/07/2010;1,7585
08/07/2010;1,7639
07/07/2010;1,7658
06/07/2010;1,7792
05/07/2010;1,7751
02/07/2010;1,771
01/07/2010;1,7901
30/06/2010;1,8039
29/06/2010;1,8119
28/06/2010;1,7814
25/06/2010;1,7785
24/06/2010;1,7822
23/06/2010;1,7873
22/06/2010;1,7881
21/06/2010;1,7712
18/06/2010;1,7713
17/06/2010;1,7808
16/06/2010;1,7853
15/06/2010;1,7847
14/06/2010;1,8113
11/06/2010;1,8092
10/06/2010;1,8025
09/06/2010;1,8502
08/06/2010;1,8538
07/06/2010;1,8795
04/06/2010;1,8647
03/06/2010;1,8196
02/06/2010;1,818
01/06/2010;1,848
31/05/2010;1,8201
28/05/2010;1,8173
27/05/2010;1,8143
26/05/2010;1,8722
25/05/2010;1,8438
24/05/2010;1,8695
21/05/2010;1,853
20/05/2010;1,8819
19/05/2010;1,8272
18/05/2010;1,8206
17/05/2010;1,8003
14/05/2010;1,7993
13/05/2010;1,7736
12/05/2010;1,7723
11/05/2010;1,7892
10/05/2010;1,7715
07/05/2010;1,837
06/05/2010;1,8547
05/05/2010;1,7933
04/05/2010;1,7635
03/05/2010;1,7272
30/04/2010;1,7375
29/04/2010;1,729
28/04/2010;1,751
27/04/2010;1,7711
26/04/2010;1,7462
23/04/2010;1,7567
22/04/2010;1,7643
21/04/2010;1,7523
20/04/2010;1,7523
19/04/2010;1,755
16/04/2010;1,7575
15/04/2010;1,7487
14/04/2010;1,7449
13/04/2010;1,7495
12/04/2010;1,7537
09/04/2010;1,7652
08/04/2010;1,7795
07/04/2010;1,781
06/04/2010;1,7544
05/04/2010;1,7611
02/04/2010;1,765
01/04/2010;1,7647
31/03/2010;1,7837
30/03/2010;1,7891
29/03/2010;1,7949
26/03/2010;1,8181
25/03/2010;1,8197
24/03/2010;1,8002
23/03/2010;1,7767
22/03/2010;1,7869
19/03/2010;1,8009
18/03/2010;1,791
17/03/2010;1,7674
16/03/2010;1,7673
15/03/2010;1,7635
12/03/2010;1,763
11/03/2010;1,7641
10/03/2010;1,7685
09/03/2010;1,7752
08/03/2010;1,7873
05/03/2010;1,7784
04/03/2010;1,7885
03/03/2010;1,79
02/03/2010;1,7919
01/03/2010;1,7957
26/02/2010;1,8072
25/02/2010;1,8235
24/02/2010;1,825
23/02/2010;1,8255
22/02/2010;1,8115
19/02/2010;1,8045
18/02/2010;1,8275
17/02/2010;1,8326
16/02/2010;1,8379
15/02/2010;1,8545
12/02/2010;1,8509
11/02/2010;1,8535
10/02/2010;1,8565
09/02/2010;1,8475
08/02/2010;1,8762
05/02/2010;1,882
04/02/2010;1,8739
03/02/2010;1,8505
02/02/2010;1,8297
01/02/2010;1,8575
29/01/2010;1,885
28/01/2010;1,87
27/01/2010;1,853
26/01/2010;1,836
25/01/2010;1,821
22/01/2010;1,8162
21/01/2010;1,8035
20/01/2010;1,7895
19/01/2010;1,7708
18/01/2010;1,76
15/01/2010;1,7717
14/01/2010;1,7585
13/01/2010;1,757
12/01/2010;1,748
11/01/2010;1,736
08/01/2010;1,7262
07/01/2010;1,7465
06/01/2010;1,7325
05/01/2010;1,731
04/01/2010;1,7212
01/01/2010;1,743
31/12/2009;1,743
30/12/2009;1,7403
29/12/2009;1,7423
28/12/2009;1,7405
25/12/2009;1,7625
24/12/2009;1,7625
23/12/2009;1,7619
22/12/2009;1,7802
21/12/2009;1,7839
18/12/2009;1,78
17/12/2009;1,7845
16/12/2009;1,7561
15/12/2009;1,7536
14/12/2009;1,7448
11/12/2009;1,7594
10/12/2009;1,7568
09/12/2009;1,7625
08/12/2009;1,7622
07/12/2009;1,7345
04/12/2009;1,732
03/12/2009;1,7087
02/12/2009;1,7185
01/12/2009;1,7227
30/11/2009;1,7555
27/11/2009;1,7405
26/11/2009;1,7475
25/11/2009;1,7282
24/11/2009;1,7348
23/11/2009;1,7273
20/11/2009;1,732
19/11/2009;1,7268
18/11/2009;1,7258
17/11/2009;1,711
16/11/2009;1,7116
13/11/2009;1,7213
12/11/2009;1,7345
11/11/2009;1,7176
10/11/2009;1,7115
09/11/2009;1,7002
06/11/2009;1,7182
05/11/2009;1,716
04/11/2009;1,721
03/11/2009;1,7455
02/11/2009;1,7655
30/10/2009;1,7635
29/10/2009;1,733
28/10/2009;1,7775
27/10/2009;1,738
26/10/2009;1,733
23/10/2009;1,7178
22/10/2009;1,718
21/10/2009;1,7325
20/10/2009;1,7535
19/10/2009;1,7165
16/10/2009;1,7075
15/10/2009;1,7018
14/10/2009;1,701
13/10/2009;1,7218
12/10/2009;1,7432
09/10/2009;1,7432
08/10/2009;1,7384
07/10/2009;1,7484
06/10/2009;1,7553
05/10/2009;1,7597
02/10/2009;1,7818
01/10/2009;1,787
30/09/2009;1,7715
29/09/2009;1,7883
28/09/2009;1,7864
25/09/2009;1,791
24/09/2009;1,7999
23/09/2009;1,798
22/09/2009;1,793
21/09/2009;1,824
18/09/2009;1,8093
17/09/2009;1,8053
16/09/2009;1,8011
15/09/2009;1,8022
14/09/2009;1,811
11/09/2009;1,8315
10/09/2009;1,8115
09/09/2009;1,8329
08/09/2009;1,829
07/09/2009;1,8435
04/09/2009;1,8435
03/09/2009;1,86
02/09/2009;1,885
01/09/2009;1,9137
31/08/2009;1,8802
28/08/2009;1,8813
27/08/2009;1,8665
26/08/2009;1,8613
25/08/2009;1,8618
24/08/2009;1,8415
21/08/2009;1,8306
20/08/2009;1,8418
19/08/2009;1,8393
18/08/2009;1,8449
17/08/2009;1,881
14/08/2009;1,8496
13/08/2009;1,8223
12/08/2009;1,8395
11/08/2009;1,8491
10/08/2009;1,8402
07/08/2009;1,8205
06/08/2009;1,839
05/08/2009;1,814
04/08/2009;1,8167
03/08/2009;1,825
31/07/2009;1,865
30/07/2009;1,8825
29/07/2009;1,8935
28/07/2009;1,8812
27/07/2009;1,8741
24/07/2009;1,8958
23/07/2009;1,8994
22/07/2009;1,9051
21/07/2009;1,8965
20/07/2009;1,8966
17/07/2009;1,9256
16/07/2009;1,9306
15/07/2009;1,9345
14/07/2009;1,9606
13/07/2009;1,9792
10/07/2009;1,995
09/07/2009;1,9905
08/07/2009;2,0032
07/07/2009;1,9917
06/07/2009;1,9535
03/07/2009;1,9494
02/07/2009;1,9519
01/07/2009;1,9327
30/06/2009;1,9525
29/06/2009;1,9551
26/06/2009;1,9335
25/06/2009;1,9406
24/06/2009;1,9683
23/06/2009;1,9797
22/06/2009;2,03
19/06/2009;1,9745
18/06/2009;1,9783
17/06/2009;1,969
16/06/2009;1,9726
15/06/2009;1,951
12/06/2009;1,9263
11/06/2009;1,9501
10/06/2009;1,948
09/06/2009;1,9425
08/06/2009;1,961
05/06/2009;1,96
04/06/2009;1,9385
03/06/2009;1,9635
02/06/2009;1,923
01/06/2009;1,9517
29/05/2009;1,9715
28/05/2009;2,0024
27/05/2009;2,0419
26/05/2009;2,0054
25/05/2009;2,0265
22/05/2009;2,0264
21/05/2009;2,0325
20/05/2009;2,0326
19/05/2009;2,0393
18/05/2009;2,0702
15/05/2009;2,1126
14/05/2009;2,0859
13/05/2009;2,115
12/05/2009;2,0701
11/05/2009;2,0673
08/05/2009;2,0621
07/05/2009;2,1071
06/05/2009;2,1142
05/05/2009;2,1364
04/05/2009;2,1145
01/05/2009;2,174
30/04/2009;2,1898
29/04/2009;2,1779
28/04/2009;2,1985
27/04/2009;2,2191
24/04/2009;2,1828
23/04/2009;2,2058
22/04/2009;2,2118
21/04/2009;2,227
20/04/2009;2,2487
17/04/2009;2,1923
16/04/2009;2,1743
15/04/2009;2,1837
14/04/2009;2,2087
13/04/2009;2,1708
10/04/2009;2,171
09/04/2009;2,1705
08/04/2009;2,2037
07/04/2009;2,2124
06/04/2009;2,2189
03/04/2009;2,209
02/04/2009;2,2317
01/04/2009;2,2729
31/03/2009;2,3169
30/03/2009;2,3312
27/03/2009;2,29
26/03/2009;2,2368
25/03/2009;2,237
24/03/2009;2,2484
23/03/2009;2,245
20/03/2009;2,271
19/03/2009;2,2556
18/03/2009;2,2477
17/03/2009;2,285
16/03/2009;2,2818
13/03/2009;2,3043
12/03/2009;2,2953
11/03/2009;2,3423
10/03/2009;2,3315
09/03/2009;2,386
06/03/2009;2,3758
05/03/2009;2,3907
04/03/2009;2,3682
03/03/2009;2,418
02/03/2009;2,4505
27/02/2009;2,3914
26/02/2009;2,3521
25/02/2009;2,3672
24/02/2009;2,384
23/02/2009;2,38
20/02/2009;2,3891
19/02/2009;2,3727
18/02/2009;2,3507
17/02/2009;2,3417
16/02/2009;2,2755
13/02/2009;2,2555
12/02/2009;2,2955
11/02/2009;2,2624
10/02/2009;2,275
09/02/2009;2,2665
06/02/2009;2,257
05/02/2009;2,286
04/02/2009;2,306
03/02/2009;2,308
02/02/2009;2,325
30/01/2009;2,32
29/01/2009;2,2939
28/01/2009;2,2649
27/01/2009;2,3423
26/01/2009;2,31
23/01/2009;2,3302
22/01/2009;2,3207
21/01/2009;2,337
20/01/2009;2,376
19/01/2009;2,3545
16/01/2009;2,342
15/01/2009;2,355
14/01/2009;2,366
13/01/2009;2,32
12/01/2009;2,3157
09/01/2009;2,2519
08/01/2009;2,2955
07/01/2009;2,2725
06/01/2009;2,1695
05/01/2009;2,2365
02/01/2009;2,322
01/01/2009;2,3308
31/12/2008;2,3145
30/12/2008;2,3305
29/12/2008;2,3866
26/12/2008;2,376
25/12/2008;2,3841
24/12/2008;2,376
23/12/2008;2,375
22/12/2008;2,394
19/12/2008;2,3528
18/12/2008;2,426
17/12/2008;2,364
16/12/2008;2,3075
15/12/2008;2,3834
12/12/2008;2,4
11/12/2008;2,367
10/12/2008;2,441
09/12/2008;2,48
08/12/2008;2,512
05/12/2008;2,431
04/12/2008;2,504
03/12/2008;2,503
02/12/2008;2,409
01/12/2008;2,346
28/11/2008;2,3034
27/11/2008;2,296
26/11/2008;2,2077
25/11/2008;2,328
24/11/2008;2,3164
21/11/2008;2,4762
20/11/2008;2,396
19/11/2008;2,388
18/11/2008;2,3342
17/11/2008;2,279
14/11/2008;2,2235
13/11/2008;2,313
12/11/2008;2,3276
11/11/2008;2,221
10/11/2008;2,175
07/11/2008;2,1474
06/11/2008;2,2145
05/11/2008;2,1313
04/11/2008;2,119
03/11/2008;2,1687
31/10/2008;2,1642
30/10/2008;2,105
29/10/2008;2,1279
28/10/2008;2,1609
27/10/2008;2,2534
24/10/2008;2,311
23/10/2008;2,266
22/10/2008;2,3797
21/10/2008;2,246
20/10/2008;2,1115
17/10/2008;2,1215
16/10/2008;2,13
15/10/2008;2,2305
14/10/2008;2,0772
13/10/2008;2,128
10/10/2008;2,313
09/10/2008;2,2677
08/10/2008;2,3157
07/10/2008;2,311
06/10/2008;2,1555
03/10/2008;2,0472
02/10/2008;2,0222
01/10/2008;1,9234
30/09/2008;1,9066
29/09/2008;1,9613
26/09/2008;1,8445
25/09/2008;1,826
24/09/2008;1,8544
23/09/2008;1,8445
22/09/2008;1,8065
19/09/2008;1,8298
18/09/2008;1,896
17/09/2008;1,8904
16/09/2008;1,8253
15/09/2008;1,8125
12/09/2008;1,7824
11/09/2008;1,8011
10/09/2008;1,788
09/09/2008;1,771
08/09/2008;1,7408
05/09/2008;1,715
04/09/2008;1,7139
03/09/2008;1,6789
02/09/2008;1,6558
01/09/2008;1,6469
29/08/2008;1,63
28/08/2008;1,6348
27/08/2008;1,6233
26/08/2008;1,6289
25/08/2008;1,6308
22/08/2008;1,6275
21/08/2008;1,61
20/08/2008;1,6208
19/08/2008;1,6235
18/08/2008;1,6402
15/08/2008;1,6397
14/08/2008;1,6238
13/08/2008;1,6099
12/08/2008;1,6189
11/08/2008;1,6271
08/08/2008;1,6076
07/08/2008;1,5975
06/08/2008;1,5776
05/08/2008;1,5735
04/08/2008;1,5596
01/08/2008;1,5598
31/07/2008;1,567
30/07/2008;1,5611
29/07/2008;1,5692
28/07/2008;1,5747
25/07/2008;1,5732
24/07/2008;1,5777
23/07/2008;1,5829
22/07/2008;1,5793
21/07/2008;1,5822
18/07/2008;1,5895
17/07/2008;1,6001
16/07/2008;1,5959
15/07/2008;1,5934
14/07/2008;1,5974
11/07/2008;1,601
10/07/2008;1,6056
09/07/2008;1,61
08/07/2008;1,6102
07/07/2008;1,5995
04/07/2008;1,607
03/07/2008;1,6095
02/07/2008;1,609
01/07/2008;1,5978
30/06/2008;1,6041
27/06/2008;1,595
26/06/2008;1,602
25/06/2008;1,5907
24/06/2008;1,6048
23/06/2008;1,613
20/06/2008;1,606
19/06/2008;1,6069
18/06/2008;1,6071
17/06/2008;1,6108
16/06/2008;1,6229
13/06/2008;1,6353
12/06/2008;1,6342
11/06/2008;1,64
10/06/2008;1,6438
09/06/2008;1,6254
06/06/2008;1,6335
05/06/2008;1,6263
04/06/2008;1,6293
03/06/2008;1,6332
02/06/2008;1,625
30/05/2008;1,6265
29/05/2008;1,6377
28/05/2008;1,6516
27/05/2008;1,667
26/05/2008;1,6575
23/05/2008;1,66
22/05/2008;1,6573
21/05/2008;1,6573
20/05/2008;1,6504
19/05/2008;1,6505
16/05/2008;1,6406
15/05/2008;1,6523
14/05/2008;1,6681
13/05/2008;1,6644
12/05/2008;1,6627
09/05/2008;1,685
08/05/2008;1,6966
07/05/2008;1,6842
06/05/2008;1,657
05/05/2008;1,653
02/05/2008;1,649
01/05/2008;1,6625
30/04/2008;1,6622
29/04/2008;1,7058
28/04/2008;1,6868
25/04/2008;1,667
24/04/2008;1,675
23/04/2008;1,653
22/04/2008;1,6576
21/04/2008;1,6641
18/04/2008;1,668
17/04/2008;1,6547
16/04/2008;1,6642
15/04/2008;1,6787
14/04/2008;1,6895
11/04/2008;1,6905
10/04/2008;1,6881
09/04/2008;1,6919
08/04/2008;1,695
07/04/2008;1,7072
04/04/2008;1,7095
03/04/2008;1,7192
02/04/2008;1,7265
01/04/2008;1,7399
31/03/2008;1,7564
28/03/2008;1,7447
27/03/2008;1,7396
26/03/2008;1,7284
25/03/2008;1,7356
24/03/2008;1,7457
21/03/2008;1,7318
20/03/2008;1,7318
19/03/2008;1,7245
18/03/2008;1,687
17/03/2008;1,7249
14/03/2008;1,7147
13/03/2008;1,6903
12/03/2008;1,6737
11/03/2008;1,6903
10/03/2008;1,7051
07/03/2008;1,6873
06/03/2008;1,6935
05/03/2008;1,6624
04/03/2008;1,6727
03/03/2008;1,6697
29/02/2008;1,6914
28/02/2008;1,6722
27/02/2008;1,6714
26/02/2008;1,6837
25/02/2008;1,703
22/02/2008;1,7067
21/02/2008;1,708
20/02/2008;1,7163
19/02/2008;1,734
18/02/2008;1,7403
15/02/2008;1,7535
14/02/2008;1,7489
13/02/2008;1,7447
12/02/2008;1,75
11/02/2008;1,7565
08/02/2008;1,771
07/02/2008;1,7584
06/02/2008;1,7601
05/02/2008;1,745
04/02/2008;1,7465
01/02/2008;1,746
31/01/2008;1,7588
30/01/2008;1,78
29/01/2008;1,7806
28/01/2008;1,7828
25/01/2008;1,7845
24/01/2008;1,7864
23/01/2008;1,818
22/01/2008;1,7902
21/01/2008;1,833
18/01/2008;1,7888
17/01/2008;1,793
16/01/2008;1,7755
15/01/2008;1,7532
14/01/2008;1,7313
11/01/2008;1,7476
10/01/2008;1,758
09/01/2008;1,7732
08/01/2008;1,7658
07/01/2008;1,773
04/01/2008;1,7565
03/01/2008;1,751
02/01/2008;1,7629
01/01/2008;1,78
31/12/2007;1,78
28/12/2007;1,7817
27/12/2007;1,7638
26/12/2007;1,768
25/12/2007;1,7925
24/12/2007;1,791
21/12/2007;1,7887
20/12/2007;1,8061
19/12/2007;1,8004
18/12/2007;1,8075
17/12/2007;1,816
14/12/2007;1,7967
13/12/2007;1,7819
12/12/2007;1,7758
11/12/2007;1,7813
10/12/2007;1,7617
07/12/2007;1,7588
06/12/2007;1,7691
05/12/2007;1,7965
04/12/2007;1,811
03/12/2007;1,796
30/11/2007;1,7982
29/11/2007;1,7884
28/11/2007;1,7853
27/11/2007;1,8362
26/11/2007;1,8597
23/11/2007;1,8028
22/11/2007;1,7795
21/11/2007;1,7774
20/11/2007;1,7637
19/11/2007;1,7671
16/11/2007;1,7465
15/11/2007;1,7548
14/11/2007;1,7418
13/11/2007;1,7508
12/11/2007;1,7937
09/11/2007;1,7464
08/11/2007;1,744
07/11/2007;1,7505
06/11/2007;1,74
05/11/2007;1,7558
02/11/2007;1,752
01/11/2007;1,7476
31/10/2007;1,7368
30/10/2007;1,751
29/10/2007;1,7565
26/10/2007;1,7689
25/10/2007;1,7801
24/10/2007;1,7955
23/10/2007;1,7968
22/10/2007;1,817
19/10/2007;1,8028
18/10/2007;1,785
17/10/2007;1,815
16/10/2007;1,818
15/10/2007;1,813
12/10/2007;1,802
11/10/2007;1,7985
10/10/2007;1,7996
09/10/2007;1,802
08/10/2007;1,8175
05/10/2007;1,803
04/10/2007;1,824
03/10/2007;1,8377
02/10/2007;1,833
01/10/2007;1,811
28/09/2007;1,833
27/09/2007;1,8419
26/09/2007;1,846
25/09/2007;1,8584
24/09/2007;1,87
21/09/2007;1,868
20/09/2007;1,876
19/09/2007;1,8662
18/09/2007;1,8745
17/09/2007;1,9178
14/09/2007;1,901
13/09/2007;1,9043
12/09/2007;1,9076
11/09/2007;1,927
10/09/2007;1,9486
07/09/2007;1,962
06/09/2007;1,9515
05/09/2007;1,9738
04/09/2007;1,9546
03/09/2007;1,96
31/08/2007;1,9681
30/08/2007;1,9742
29/08/2007;1,9635
28/08/2007;2,002
27/08/2007;1,9468
24/08/2007;1,9422
23/08/2007;1,988
22/08/2007;2,012
21/08/2007;2,0339
20/08/2007;2,028
17/08/2007;2,0241
16/08/2007;2,0941
15/08/2007;2,0301
14/08/2007;1,984
13/08/2007;1,942
10/08/2007;1,9487
09/08/2007;1,926
08/08/2007;1,8851
07/08/2007;1,904
06/08/2007;1,9127
03/08/2007;1,9001
02/08/2007;1,8749
01/08/2007;1,892
31/07/2007;1,882
30/07/2007;1,876
27/07/2007;1,8941
26/07/2007;1,928
25/07/2007;1,8625
24/07/2007;1,8619
23/07/2007;1,84
20/07/2007;1,8561
19/07/2007;1,8595
18/07/2007;1,86
17/07/2007;1,859
16/07/2007;1,8699
13/07/2007;1,8622
12/07/2007;1,8732
11/07/2007;1,891
10/07/2007;1,892
09/07/2007;1,897
06/07/2007;1,903
05/07/2007;1,914
04/07/2007;1,9101
03/07/2007;1,9099
02/07/2007;1,915
29/06/2007;1,929
28/06/2007;1,9209
27/06/2007;1,9436
26/06/2007;1,9527
25/06/2007;1,9506
22/06/2007;1,9428
21/06/2007;1,9211
20/06/2007;1,928
19/06/2007;1,908
18/06/2007;1,9049
15/06/2007;1,912
14/06/2007;1,9271
13/06/2007;1,9453
12/06/2007;1,946
11/06/2007;1,9411
08/06/2007;1,9602
07/06/2007;1,9685
06/06/2007;1,9509
05/06/2007;1,9447
04/06/2007;1,9272
01/06/2007;1,9027
31/05/2007;1,9205
30/05/2007;1,941
29/05/2007;1,9491
28/05/2007;1,9428
25/05/2007;1,9511
24/05/2007;1,9677
23/05/2007;1,9511
22/05/2007;1,9431
21/05/2007;1,9381
18/05/2007;1,9585
17/05/2007;1,951
16/05/2007;1,9525
15/05/2007;1,9815
14/05/2007;2,008
11/05/2007;2,0178
10/05/2007;2,0231
09/05/2007;2,0179
08/05/2007;2,0221
07/05/2007;2,0212
04/05/2007;2,036
03/05/2007;2,027
02/05/2007;2,023
01/05/2007;2,034
30/04/2007;2,0348
27/04/2007;2,0318
26/04/2007;2,0345
25/04/2007;2,0185
24/04/2007;2,033
23/04/2007;2,0352
20/04/2007;2,0259
19/04/2007;2,029
18/04/2007;2,033
17/04/2007;2,036
16/04/2007;2,0335
13/04/2007;2,0206
12/04/2007;2,0305
11/04/2007;2,0377
10/04/2007;2,0272
09/04/2007;2,024
06/04/2007;2,0316
05/04/2007;2,0316
04/04/2007;2,0355
03/04/2007;2,0365
02/04/2007;2,047
30/03/2007;2,059
29/03/2007;2,039
28/03/2007;2,068
27/03/2007;2,0685
26/03/2007;2,0602
23/03/2007;2,063
22/03/2007;2,0611
21/03/2007;2,0545
20/03/2007;2,0775
19/03/2007;2,0777
16/03/2007;2,093
15/03/2007;2,0934
14/03/2007;2,09
13/03/2007;2,1125
12/03/2007;2,0875
09/03/2007;2,0976
08/03/2007;2,108
07/03/2007;2,12
06/03/2007;2,1171
05/03/2007;2,1431
02/03/2007;2,131
01/03/2007;2,1214
28/02/2007;2,1204
27/02/2007;2,1355
26/02/2007;2,0839
23/02/2007;2,0895
22/02/2007;2,082
21/02/2007;2,0783
20/02/2007;2,0925
19/02/2007;2,0921
16/02/2007;2,0921
15/02/2007;2,0935
14/02/2007;2,088
13/02/2007;2,1118
12/02/2007;2,1175
09/02/2007;2,112
08/02/2007;2,0936
07/02/2007;2,0911
06/02/2007;2,082
05/02/2007;2,0824
02/02/2007;2,1046
01/02/2007;2,0915
31/01/2007;2,124
30/01/2007;2,1308
29/01/2007;2,135
26/01/2007;2,1365
25/01/2007;2,136
24/01/2007;2,1282
23/01/2007;2,1319
22/01/2007;2,138
19/01/2007;2,13
18/01/2007;2,137
17/01/2007;2,1335
16/01/2007;2,1383
15/01/2007;2,1415
12/01/2007;2,14
11/01/2007;2,148
10/01/2007;2,1495
09/01/2007;2,15
08/01/2007;2,1465
05/01/2007;2,1515
04/01/2007;2,144
03/01/2007;2,145
02/01/2007;2,133
01/01/2007;2,1365
29/12/2006;2,1365
28/12/2006;2,135
27/12/2006;2,1455
26/12/2006;2,1424
25/12/2006;2,1475
22/12/2006;2,1475
21/12/2006;2,1608
20/12/2006;2,1583
19/12/2006;2,1575
18/12/2006;2,1502
15/12/2006;2,146
14/12/2006;2,1465
13/12/2006;2,1475
12/12/2006;2,151
11/12/2006;2,1375
08/12/2006;2,1397
07/12/2006;2,1455
06/12/2006;2,1465
05/12/2006;2,148
04/12/2006;2,1644
01/12/2006;2,167
30/11/2006;2,165
29/11/2006;2,1645
28/11/2006;2,181
27/11/2006;2,2
24/11/2006;2,169
23/11/2006;2,168
22/11/2006;2,1665
21/11/2006;2,1626
20/11/2006;2,1585
17/11/2006;2,1585
16/11/2006;2,156
15/11/2006;2,15
14/11/2006;2,15
13/11/2006;2,163
10/11/2006;2,152
09/11/2006;2,145
08/11/2006;2,146
07/11/2006;2,1375
06/11/2006;2,1367
03/11/2006;2,1405
02/11/2006;2,144
01/11/2006;2,143
31/10/2006;2,1428
30/10/2006;2,1515
27/10/2006;2,1352
26/10/2006;2,139
25/10/2006;2,144
24/10/2006;2,1526
23/10/2006;2,1387
20/10/2006;2,1387
19/10/2006;2,147
18/10/2006;2,136
17/10/2006;2,132
16/10/2006;2,1315
13/10/2006;2,1375
12/10/2006;2,152
11/10/2006;2,1595
10/10/2006;2,1565
09/10/2006;2,155
06/10/2006;2,162
05/10/2006;2,1592
04/10/2006;2,164
03/10/2006;2,1758
02/10/2006;2,1575
29/09/2006;2,1743
28/09/2006;2,1715
27/09/2006;2,1862
26/09/2006;2,186
25/09/2006;2,22
22/09/2006;2,2075
21/09/2006;2,2032
20/09/2006;2,1754
19/09/2006;2,1603
18/09/2006;2,1484
15/09/2006;2,1517
14/09/2006;2,16
13/09/2006;2,16
12/09/2006;2,168
11/09/2006;2,1856
08/09/2006;2,1586
07/09/2006;2,1513
06/09/2006;2,1509
05/09/2006;2,1386
04/09/2006;2,123
01/09/2006;2,139
31/08/2006;2,1434
30/08/2006;2,1375
29/08/2006;2,1371
28/08/2006;2,1408
25/08/2006;2,1561
24/08/2006;2,155
23/08/2006;2,1516
22/08/2006;2,1352
21/08/2006;2,1281
18/08/2006;2,1469
17/08/2006;2,1407
16/08/2006;2,1414
15/08/2006;2,144
14/08/2006;2,163
11/08/2006;2,1653
10/08/2006;2,156
09/08/2006;2,165
08/08/2006;2,172
07/08/2006;2,1842
04/08/2006;2,1813
03/08/2006;2,1756
02/08/2006;2,1821
01/08/2006;2,1917
31/07/2006;2,1775
28/07/2006;2,1754
27/07/2006;2,193
26/07/2006;2,1931
25/07/2006;2,202
24/07/2006;2,1902
21/07/2006;2,1985
20/07/2006;2,1919
19/07/2006;2,1765
18/07/2006;2,1925
17/07/2006;2,2002
14/07/2006;2,2155
13/07/2006;2,214
12/07/2006;2,2025
11/07/2006;2,1835
10/07/2006;2,1788
07/07/2006;2,182
06/07/2006;2,178
05/07/2006;2,208
04/07/2006;2,171
03/07/2006;2,1711
30/06/2006;2,1659
29/06/2006;2,1778
28/06/2006;2,2205
27/06/2006;2,2364
26/06/2006;2,2402
23/06/2006;2,2315
22/06/2006;2,2395
21/06/2006;2,2236
20/06/2006;2,2345
19/06/2006;2,249
16/06/2006;2,249
15/06/2006;2,2635
14/06/2006;2,283
13/06/2006;2,3085
12/06/2006;2,299
09/06/2006;2,2592
08/06/2006;2,2595
07/06/2006;2,2535
06/06/2006;2,241
05/06/2006;2,264
02/06/2006;2,2765
01/06/2006;2,245
31/05/2006;2,3051
30/05/2006;2,3135
29/05/2006;2,274
26/05/2006;2,2415
25/05/2006;2,275
24/05/2006;2,326
23/05/2006;2,3536
22/05/2006;2,2827
19/05/2006;2,2085
18/05/2006;2,179
17/05/2006;2,2075
16/05/2006;2,136
15/05/2006;2,165
12/05/2006;2,1445
11/05/2006;2,097
10/05/2006;2,074
09/05/2006;2,0605
08/05/2006;2,07
05/05/2006;2,0555
04/05/2006;2,0715
03/05/2006;2,076
02/05/2006;2,062
01/05/2006;2,08
28/04/2006;2,087
27/04/2006;2,1023
26/04/2006;2,118
25/04/2006;2,1305
24/04/2006;2,1135
21/04/2006;2,1214
20/04/2006;2,1208
19/04/2006;2,1162
18/04/2006;2,1155
17/04/2006;2,1379
14/04/2006;2,1405
13/04/2006;2,1385
12/04/2006;2,136
11/04/2006;2,1405
10/04/2006;2,1561
07/04/2006;2,149
06/04/2006;2,1285
05/04/2006;2,133
04/04/2006;2,1331
03/04/2006;2,1403
31/03/2006;2,164
30/03/2006;2,1886
29/03/2006;2,215
28/03/2006;2,2435
27/03/2006;2,1805
24/03/2006;2,159
23/03/2006;2,1616
22/03/2006;2,1544
21/03/2006;2,1705
20/03/2006;2,1492
17/03/2006;2,124
16/03/2006;2,114
15/03/2006;2,1157
14/03/2006;2,1208
13/03/2006;2,1339
10/03/2006;2,1373
09/03/2006;2,162
08/03/2006;2,18
07/03/2006;2,1575
06/03/2006;2,147
03/03/2006;2,1118
02/03/2006;2,104
01/03/2006;2,1149
28/02/2006;2,1235
27/02/2006;2,1405
24/02/2006;2,1395
23/02/2006;2,1335
22/02/2006;2,141
21/02/2006;2,166
20/02/2006;2,1175
17/02/2006;2,1245
16/02/2006;2,116
15/02/2006;2,1335
14/02/2006;2,138
13/02/2006;2,1595
10/02/2006;2,1615
09/02/2006;2,17
08/02/2006;2,1858
07/02/2006;2,1905
06/02/2006;2,1755
03/02/2006;2,21
02/02/2006;2,227
01/02/2006;2,225
31/01/2006;2,212
30/01/2006;2,2125
27/01/2006;2,21
26/01/2006;2,229
25/01/2006;2,2445
24/01/2006;2,241
23/01/2006;2,257
20/01/2006;2,2787
19/01/2006;2,2828
18/01/2006;2,3165
17/01/2006;2,3035
16/01/2006;2,2715
13/01/2006;2,2725
12/01/2006;2,2756
11/01/2006;2,2798
10/01/2006;2,2618
09/01/2006;2,2485
06/01/2006;2,283
05/01/2006;2,2897
04/01/2006;2,286
03/01/2006;2,3259
02/01/2006;2,3364
30/12/2005;2,3383
29/12/2005;2,3258
28/12/2005;2,341
27/12/2005;2,337
26/12/2005;2,341
23/12/2005;2,315
22/12/2005;2,341
21/12/2005;2,308
20/12/2005;2,3475
19/12/2005;2,38
16/12/2005;2,337
15/12/2005;2,2988
14/12/2005;2,2695
13/12/2005;2,2615
12/12/2005;2,261
09/12/2005;2,252
08/12/2005;2,2212
07/12/2005;2,1965
06/12/2005;2,1755
05/12/2005;2,1955
02/12/2005;2,2083
01/12/2005;2,2238
30/11/2005;2,2035
29/11/2005;2,1873
28/11/2005;2,198
25/11/2005;2,234
24/11/2005;2,2405
23/11/2005;2,239
22/11/2005;2,248
21/11/2005;2,22
18/11/2005;2,226
17/11/2005;2,1945
16/11/2005;2,2015
15/11/2005;2,205
14/11/2005;2,2093
11/11/2005;2,1615
10/11/2005;2,1635
09/11/2005;2,1755
08/11/2005;2,1935
07/11/2005;2,2069
04/11/2005;2,212
03/11/2005;2,222
02/11/2005;2,2385
01/11/2005;2,243
31/10/2005;2,2518
28/10/2005;2,265
27/10/2005;2,2895
26/10/2005;2,2868
25/10/2005;2,2635
24/10/2005;2,261
21/10/2005;2,263
20/10/2005;2,2495
19/10/2005;2,2385
18/10/2005;2,242
17/10/2005;2,236
14/10/2005;2,245
13/10/2005;2,259
12/10/2005;2,2545
11/10/2005;2,2335
10/10/2005;2,2415
07/10/2005;2,2499
06/10/2005;2,2915
05/10/2005;2,2675
04/10/2005;2,262
03/10/2005;2,2382
30/09/2005;2,2275
29/09/2005;2,211
28/09/2005;2,2275
27/09/2005;2,26
26/09/2005;2,25
23/09/2005;2,2645
22/09/2005;2,2748
21/09/2005;2,2741
20/09/2005;2,296
19/09/2005;2,2945
16/09/2005;2,2988
15/09/2005;2,299
14/09/2005;2,3195
13/09/2005;2,3263
12/09/2005;2,3195
09/09/2005;2,31
08/09/2005;2,3197
07/09/2005;2,33
06/09/2005;2,3207
05/09/2005;2,3325
02/09/2005;2,3305
01/09/2005;2,356
31/08/2005;2,3555
30/08/2005;2,3799
29/08/2005;2,3845
26/08/2005;2,4025
25/08/2005;2,4005
24/08/2005;2,4525
23/08/2005;2,4005
22/08/2005;2,373
19/08/2005;2,4497
18/08/2005;2,4035
17/08/2005;2,354
16/08/2005;2,347
15/08/2005;2,3335
12/08/2005;2,374
11/08/2005;2,3579
10/08/2005;2,2787
09/08/2005;2,296
08/08/2005;2,3286
05/08/2005;2,3134
04/08/2005;2,303
03/08/2005;2,319
02/08/2005;2,3365
01/08/2005;2,3655
29/07/2005;2,38
28/07/2005;2,4062
27/07/2005;2,442
26/07/2005;2,432
25/07/2005;2,4851
22/07/2005;2,3985
21/07/2005;2,3655
20/07/2005;2,338
19/07/2005;2,3429
18/07/2005;2,336
15/07/2005;2,338
14/07/2005;2,3355
13/07/2005;2,357
12/07/2005;2,3365
11/07/2005;2,3305
08/07/2005;2,3749
07/07/2005;2,3773
06/07/2005;2,397
05/07/2005;2,3766
04/07/2005;2,3685
01/07/2005;2,3565
30/06/2005;2,3364
29/06/2005;2,3565
28/06/2005;2,3675
27/06/2005;2,3724
24/06/2005;2,374
23/06/2005;2,4055
22/06/2005;2,3865
21/06/2005;2,3685
20/06/2005;2,389
17/06/2005;2,3715
16/06/2005;2,4045
15/06/2005;2,4233
14/06/2005;2,4345
13/06/2005;2,451
10/06/2005;2,4731
09/06/2005;2,4961
08/06/2005;2,4637
07/06/2005;2,4565
06/06/2005;2,4488
03/06/2005;2,425
02/06/2005;2,418
01/06/2005;2,4566
31/05/2005;2,4095
30/05/2005;2,368
27/05/2005;2,383
26/05/2005;2,4088
25/05/2005;2,4088
24/05/2005;2,4242
23/05/2005;2,4275
20/05/2005;2,4417
19/05/2005;2,4435
18/05/2005;2,46
17/05/2005;2,4808
16/05/2005;2,4753
13/05/2005;2,4735
12/05/2005;2,4695
11/05/2005;2,4525
10/05/2005;2,4765
09/05/2005;2,4505
06/05/2005;2,457
05/05/2005;2,4635
04/05/2005;2,4659
03/05/2005;2,489
02/05/2005;2,5095
29/04/2005;2,5282
28/04/2005;2,5494
27/04/2005;2,5145
26/04/2005;2,5385
25/04/2005;2,5213
22/04/2005;2,5375
21/04/2005;2,55
20/04/2005;2,5636
19/04/2005;2,5695
18/04/2005;2,607
15/04/2005;2,6148
14/04/2005;2,5905
13/04/2005;2,5585
12/04/2005;2,5746
11/04/2005;2,5827
08/04/2005;2,585
07/04/2005;2,594
06/04/2005;2,5995
05/04/2005;2,6255
04/04/2005;2,641
01/04/2005;2,6588
31/03/2005;2,68
30/03/2005;2,6755
29/03/2005;2,698
28/03/2005;2,7255
25/03/2005;2,7385
24/03/2005;2,74
23/03/2005;2,7465
22/03/2005;2,7425
21/03/2005;2,7265
18/03/2005;2,716
17/03/2005;2,7175
16/03/2005;2,7623
15/03/2005;2,7644
14/03/2005;2,7513
11/03/2005;2,7168
10/03/2005;2,7165
09/03/2005;2,7145
08/03/2005;2,697
07/03/2005;2,6815
04/03/2005;2,656
03/03/2005;2,6793
02/03/2005;2,6375
01/03/2005;2,6295
28/02/2005;2,5895
25/02/2005;2,6172
24/02/2005;2,636
23/02/2005;2,5955
22/02/2005;2,599
21/02/2005;2,5845
18/02/2005;2,5765
17/02/2005;2,5633
16/02/2005;2,586
15/02/2005;2,5838
14/02/2005;2,569
11/02/2005;2,6025
10/02/2005;2,6178
09/02/2005;2,6025
08/02/2005;2,6315
07/02/2005;2,6122
04/02/2005;2,6035
03/02/2005;2,6018
02/02/2005;2,6025
01/02/2005;2,608
31/01/2005;2,6088
28/01/2005;2,645
27/01/2005;2,67
26/01/2005;2,6637
25/01/2005;2,6815
24/01/2005;2,6805
21/01/2005;2,6867
20/01/2005;2,717
19/01/2005;2,7098
18/01/2005;2,718
17/01/2005;2,6998
14/01/2005;2,7015
13/01/2005;2,704
12/01/2005;2,705
11/01/2005;2,7213
10/01/2005;2,7033
07/01/2005;2,712
06/01/2005;2,7218
05/01/2005;2,7145
04/01/2005;2,719
03/01/2005;2,6759
